city,name,address,latitude,longitude,rating,total_ratings,place_id,phone_number
Kathmandu,Nepal Pavilion Inn,"Amrit Marg, Thamel Post Box 6062, Kathmandu 44600, Nepal",27.7115291,85.3120634,4.2,209,ChIJeUwGJHIZ6zkReIMr3o1MB_M,01-5320383
Kathmandu,Hotel Shanker Kathmandu,"Kathmandu 44600, Nepal",27.7188945,85.3194684,4.3,2904,ChIJw3uqaBsZ6zkRjS-DDyXqWyk,01-4510151
Kathmandu,Hotel Nepalaya,"Maitripura Mahavihara, Thamel Marg, Kathmandu 21292, Nepal",27.7119823,85.3113493,4.4,1093,ChIJIS1HLPwY6zkRfpeS9we8v-k,01-5369141
Kathmandu,Royal Empire Boutique Hotel,"Kathmandu 44600, Nepal",27.722913,85.3286,4.2,656,ChIJ0SM5UhEZ6zkRjWY16XUeu2E,01-4000542
Kathmandu,Ramada Encore by Wyndham Kathmandu Thamel,"P885+GFG, Z Street 1, Kathmandu 44600, Nepal",27.71673,85.3092168,4.4,644,ChIJn8E2t5AZ6zkRMn-jYUOMKbY,01-4700404
Kathmandu,"Hotel Manaslu, Deluxe Heritage & Boutique Hotel 4 star","P89C+Q73, Manaslu Rd, Kathmandu 44600, Nepal",27.7199079,85.3209944,4.1,857,ChIJs2DWHBsZ6zkR00mkiA0TgaI,01-4510071
Kathmandu,Hotel BUBO Himalaya Pvt. Ltd.,"Narsingh Chowk Marg, Kathmandu 44600, Nepal",27.7141176,85.3111618,4,92,ChIJw0uaAf0Y6zkRTFiZ4Mmrx4I,01-4255622
Kathmandu,Hyatt Regency Kathmandu,"Taragaon, Kathmandu 44601, Nepal",27.7220792,85.3569394,4.5,4972,ChIJY859itgb6zkRtWuB2jZ6di8,01-5171234
Kathmandu,Hotel Yala Peak,"Thamel Marg, Kathmandu 44600, Nepal",27.7124334,85.3114208,4.6,382,ChIJaw-Ryf0Y6zkRd15NvINjQQU,01-5358996
Kathmandu,OYO 123 Hotel Prince Plaza,"Hotel Prince Plaza, Kathmandu 44600, Nepal",27.7112133,85.333678,3.7,443,ChIJwQKFUAsZ6zkRbPKLnjjmS_w,Not available
Kathmandu,Kathmandu Marriott Hotel,"Manakamana Marg, Kathmandu 44600, Nepal",27.7128456,85.3245087,4.6,2538,ChIJ22EEQw8Z6zkRNLliH5pm8Js,01-5970300
Kathmandu,Nomad Hotel Lazimpat ,"Kumari Mai Marg, Kathmandu 44600, Nepal",27.7200518,85.3206918,4.6,192,ChIJGerShYEZ6zkR6eTKmtkLRY8,01-4529392
Kathmandu,Radisson Hotel Kathmandu,"Ward 2, Kathmandu 44600, Nepal",27.7199291,85.3212645,4.3,4229,ChIJK_mAABsZ6zkRzupTf4rACD0,01-4511818
Kathmandu,Lemon Tree Hotel,"P885+XP3, House No. 94 Paknajol Marg, Shree Ratna Marg, Kathmandu 44600, Nepal",27.7173143,85.3094457,4.3,157,ChIJQ_2hSOMY6zkR17XBNA01Txw,01-4701505
Kathmandu,Kathmandu Suite Home,"Thamel Marg 16, Kathmandu 44600, Nepal",27.715069,85.3069934,4.6,505,ChIJO0h2NPsY6zkRwy_BjgIwBsU,980-1026351
Kathmandu,OYO 807 Hotel Grand Tokyo,"M8X6+QGF Bagdurbar-11, Kathmandu 44600, Nepal",27.6994375,85.3113125,4.6,190,ChIJaTFxgVQY6zkRJ5OhaHT-WH0,01-5904107
Kathmandu,Taleju Boutique Hotel,"Jyatha Marg, Kathmandu 44600, Nepal",27.711071,85.3132096,4.4,366,ChIJHVhu_f0Y6zkRoEg4kcx2N_Q,01-5360655
Kathmandu,Kathmandu Peace Home,"Peace Home, Basuki Marg, Kathmandu 44600, Nepal",27.7230864,85.3080242,4.8,667,ChIJV7BEruYY6zkRp-CRkqyXP7o,984-9439809
Kathmandu,Apex Business Hotel,"Tribhuvan International Airport, Kathmandu 44600, Nepal",27.7013757,85.3528318,4.3,63,ChIJSSXH1E4Z6zkR-_tXe0rFSnE,01-5914747
Kathmandu,Hotel Mega & Apartment,"At, Saat Ghumti Marg, Kathmandu 44600, Nepal",27.7157265,85.3093405,4.7,237,ChIJPXDk_aAZ6zkRMCMv9LvRxgo,985-1340075
Kathmandu,Nepal Cottage Resort,"Paknajol Marg, Kathmandu 44600, Nepal",27.7150925,85.3078993,4.2,331,ChIJm-TlQvsY6zkR5bz9wyE1-vQ,01-4248039
Kathmandu,World Heritage Hotel & Apartment ,"Gangalal Road, Kathmandu 44600, Nepal",27.7050132,85.306446,4.3,213,ChIJp9e6gvgY6zkRE0DYy4gkI1g,01-5361862
Kathmandu,Fairfield by Marriott Kathmandu,"Kmc, Tridevi Marg 29, Kathmandu 44600, Nepal",27.7154597,85.3143313,4.3,1446,ChIJe8aSA_0Y6zkR1cZIW2bmDiM,01-4217999
Kathmandu,Hotel Heranya,"Tejbhawan, Uttar Dokha Sadak, Kathmandu 44600, Nepal",27.7187563,85.3205792,4.3,174,ChIJ0VXvExsZ6zkRMXtaaebfoR4,01-4412716
Kathmandu,Hotel Thamel,"Ward 29 Block 16 / 57, Kathmandu 44600, Nepal",27.7169257,85.311487,4.3,406,ChIJsZpT2uIY6zkR0JO159s1l_I,01-4514693
Kathmandu,Hotel Ama-la Thamel Kathmandu,"JP Road, Kathmandu 44601, Nepal",27.7117885,85.3099769,4.6,79,ChIJjzNRN2EZ6zkRwhvwzdR6q5c,01-4250761
Kathmandu,OYO 794 Hotel Crown Plaza,"Hotel Crown Plaza, Kathmandu 44600, Nepal",27.713067,85.328293,3.7,351,ChIJRevSvA4Z6zkRztQ4Tqu9SS8,01-4523582
Kathmandu,Hotel Royal Kathmandu,"Mitranagar 26, Kathmandu 44600, Nepal",27.7338724,85.3102512,4.4,522,ChIJKd5mzt4Y6zkREbZLpC0hJFY,01-4983506
Kathmandu,Kathmandu Regency Hotel,"Chhetrapati, J.P Marga, Kathmandu 44600, Nepal",27.7114052,85.3087027,4.2,135,ChIJU7nieukZ6zkRa3RwhjUEbkE,01-4269847
Kathmandu,Bodhi Boutique Hotel,"Chhusya Galli, Kathmandu 44600, Nepal",27.711782,85.3133128,4.6,289,ChIJLV_r8P0Y6zkRQp10Bwyj8OQ,01-5904774
Kathmandu,Landmark Kathmandu,"Durbar Marg, Kathmandu 44600, Nepal",27.7128419,85.3189561,4.3,390,ChIJyaVoCwQZ6zkRlx0OavhoTsc,01-4545086
Kathmandu,Kathmandu City Hotel,"Thamel, Ward 29 Bhagwatisthan Near to the A One Business Complex, Kathmandu 44600, Nepal",27.7172961,85.3117707,3.5,183,ChIJsY5TLv0Y6zkRo0udC-lVohs,01-4521954
Kathmandu,Thamel Eco Resort,"P876+7M5, Kathmandu 44601, Nepal",27.7131478,85.3117293,4.3,515,ChIJU_z-rf0Y6zkRO003LpcC1Pg,01-5315863
Kathmandu,"Hotel Shangri~La, Kathmandu","Lazimpat Rd Lazimpat, Kathmandu 44600, Nepal",27.725329,85.322291,4.2,1881,ChIJTU7_rxkZ6zkRiHymSmenNTQ,01-4412999
Kathmandu,Hotel Blue Horizon,"Keshar Mahal Marg, Kathmandu 44600, Nepal",27.715769,85.314042,4,304,ChIJK0P1owIZ6zkRBCFteVG4SPM,01-4521971
Kathmandu,Hotel Palazzo,"Kathmandu 44600, Nepal",27.6950954,85.2795535,4.9,388,ChIJudoYz7kZ6zkRQhKFWEHhvBk,976-1610635
Kathmandu,Karma Hotel Nepal,"Bhagwati Marga, Kathmandu 44600, Nepal",27.7163159,85.3109789,4.9,187,ChIJ0a1azlUZ6zkRO1aZDnwFL9g,01-4517897
Kathmandu,Royal Penguin Boutique Hotel,"P886+5W4, Kathmandu 44600, Nepal",27.7119959,85.3100616,4.1,371,ChIJo4rEPfwY6zkR2AFTbREbiLw,01-4215013
Kathmandu,Maya Manor Boutique Hotel,"Hattisar Sadak, Kathmandu 44600, Nepal",27.7131152,85.3226709,4.4,566,ChIJIcvVlwUZ6zkRreKy8VVUUv4,01-4528028
Kathmandu,Kathmandu Hotel Yambu,"Lekhnath Marg, Kathmandu 44600, Nepal",27.7176771,85.3113607,4.6,846,ChIJJdq72OIY6zkReUrgSb7zES8,984-1326314
Kathmandu,Hotel Shree Tara,"Keshar Mahal, Hotel, Kathmandu 44600, Nepal",27.7156394,85.3145348,4.5,107,ChIJ0TZYzDUZ6zkRpqKJm8iBGig,981-0207095
Kathmandu,Hotel Sapana Garden,"Thamel Marg Post Box: 19154, Kathmandu 44600, Nepal",27.7175771,85.3109354,4.3,159,ChIJ5Vdqu5EZ6zkRe-PnmGrgygI,01-4411696
Kathmandu,Alpine Hotel & Apartment ,"Chaksibari Marg, Opp Manang Hotel, Kathmandu 44600, Nepal",27.7176074,85.3106765,4.4,297,ChIJma9wO-MY6zkRz231lcDbTDw,01-4701435
Kathmandu,Arushi Boutique Hotel,"Post Box 4682, Kunfen Marg, Kathmandu 44600, Nepal",27.7131059,85.3094096,4.6,1003,ChIJyWXMFkcZ6zkRyTLh8jsTeiE,01-5366868
Kathmandu,Dom Himalaya Hotel,"Paknajol Marg, Kathmandu 44600, Nepal",27.7126218,85.3087881,4.4,687,ChIJO7ubdvwY6zkRIkpZ3J3NCf8,01-5363554
Kathmandu,Vastu Boutique Hotel,"Chhusya Galli, Kathmandu 44600, Nepal",27.7122908,85.3133709,4.9,211,ChIJLY2oHKcZ6zkRuk10VxdNqPY,01-5909845
Kathmandu,Ai Boutique Hotel,"P885+7W9, Satghumpti, Kathmandu 44600, Nepal",27.7156543,85.3098582,4.8,168,ChIJVfSBtIAZ6zkRjN616WzhSd4,981-8653857
Kathmandu,Hotel BnB Mhepi,"Mhepi Marg, Kathmandu 44600, Nepal",27.7267716,85.3101379,4.6,74,ChIJy-5wUucY6zkRlgqCWVcBIws,984-5656339
Kathmandu,Durbar Hotel & Residence,"J P Marg, Kathmandu 44700, Nepal",27.7122547,85.3092927,4.2,79,ChIJXXwmhbMZ6zkR076ce9kLBGs,01-5364941
Kathmandu,Hotel Nandini,"Airport Rd, Kathmandu 44602, Kathmandu 44602, Nepal",27.701668,85.352693,3.9,132,ChIJRxjGKoQZ6zkRZq55veyZ03w,01-4573141
Kathmandu,Kathmandu Boutique Hotel,"Gangalal Marg, Kathmandu 44600, Nepal",27.7101788,85.3079334,4.1,376,ChIJFVBb-PsY6zkR733XX6rWtWc,01-5357446
Kathmandu,Hotel Sunway Inn Nepal,"Thamel Marg, Kathmandu 44600, Nepal",27.7140815,85.3110927,4.3,23,ChIJe8aSA_0Y6zkRTfKXdhaMZFg,01-4548156
Kathmandu,hotel green orchid pvt ltd,"Paknajol Marg, Kathmandu 44600, Nepal",27.7173414,85.3097051,3.6,191,ChIJG_k-nvwY6zkRc1i6lO95NcQ,01-4700488
Kathmandu,Gaju Suite Hotel,"A One Complex, 3rd and 4th Floor, Thamel Marg, Kathmandu 44600, Nepal",27.7164457,85.3117918,4,218,ChIJQ1GDMf0Y6zkR7thYV5eomLI,01-4532281
Kathmandu,Sampada Garden Hotel,"Rani Devi Marg, Kathmandu 44600, Nepal",27.726958,85.3218875,4.3,566,ChIJ_2NfWxgZ6zkRVFm3Zr5oymc,01-4002310
Kathmandu,Hotel Blue Diamond,"Amrit Marg, Kathmandu 44600, Nepal",27.71232,85.312052,3.7,44,ChIJ31x2v_0Y6zkRSZhRoS9TmL8,01-4222270
Kathmandu,Norbulinka Boutique Hotel,"गा: हिटी सडक, Kathmandu 44600, Nepal",27.71701,85.3125999,4.2,359,ChIJMdwg1_wY6zkRrRD_JuV4nbc,01-4510630
Kathmandu,Kathmandu Height Boutique Hotel,"Lampokhari, Kathmandu 44600, Nepal",27.7160648,85.3432553,4.7,42,ChIJK1J7kccZ6zkRPfGB4Eqx6MU,985-1108048
Kathmandu,Yeti Cozy Hotel,"Chaksibari Marg, Kathmandu 44600, Nepal",27.7162766,85.3102731,5,14,ChIJIQFVIgAZ6zkRZFZtKBCP30Y,981-0233392
Kathmandu,Hotel Ganesh Himal,"Ikhapokhari Marg P854+XJ5 Chettrapati, Chettrapati, Thamel 44600, Nepal",27.7099432,85.3066188,4.2,315,ChIJg2_MLQMZ6zkRjYIq-N7TdII,01-5363598
Chitwan,Chitwan Forest Resort,"Sauraha, Bachhauli - 2, Chitwan National Park, Nepal 32909, Nepal",27.5816631,84.4936944,3.9,322,ChIJOT2pcOLulDkRk2oi_eyk02U,056-580052
Chitwan,Barahi Jungle Lodge,"H59W+RP Andrauli West, Narayani 97761, Nepal",27.5689134,84.1949883,4.8,763,ChIJ6QK3CHhZlDkRPkfPEpR_xvE,985-1355826
Chitwan,Soaltee Westend Resort Chitwan,"Bharatpur 22, Bharatpur 44200, Nepal",27.5657669,84.3482774,4.3,163,ChIJ_2FlGSz4lDkRXRXJHSZBErs,056-411122
Chitwan,Green Park Chitwan,"Tiger Point , Baghmara Chitwan National Park, 44200, Nepal",27.5912717,84.4858852,4.6,1087,ChIJPV473wXvlDkRBiAlbgCpvu0,056-580510
Chitwan,Jungle Safari Lodge,"HFHV+9Q3, 113, Ratnanagar 44200, Nepal",27.5783869,84.4941887,3.8,542,ChIJV0xFsePulDkRMJtRK51ekac,056-580046
Chitwan,Riverbank Jungle Resort ,"H982+HQ, Bharatpur 44200, Nepal",27.5664642,84.3520486,4.5,24,ChIJNYa_MQP3lDkRcJpl1eZyvv8,056-411121
Chitwan,"Meghauli Serai, A Taj Safari","Ward no 1 Narayani Nager Palika Chitwan National Park Nepal, Meghauli 44207, Nepal",27.5695526,84.2019036,4.6,445,ChIJ_1XLEJ5ZlDkRDgLdVwJ7y8k,985-1218500
Chitwan,Peacock : a family-run hotel,"Main Street, Ratnanagar 44200, Nepal",27.5804336,84.4940756,4.8,633,ChIJhdVzZuLulDkRb18CdoEJppI,982-4260366
Chitwan,Galaxy Garden Resort Pvt. Ltd.,"Yagyapuri Bharatpur-04, 44200, Nepal",27.6714257,84.3986695,4.5,44,ChIJdy0Vr9_7lDkR_BLFT2RLeU4,985-5029913
Chitwan,Chitwan Tiger Camp,"Ratnanagar 2, Nepal",27.5746406,84.4939243,4.2,636,ChIJeaHi0N3ulDkRzMnk5rPB9lk,056-580060
Chitwan,Kasara Chitwan,"Bharatpur 44200, Nepal",27.5631049,84.3424404,4.5,505,ChIJ8WA2SMX2lDkRDGOQMVndgYQ,980-1249337
Chitwan,Park Safari Resort,"Sauraha Road, Ratnanagar 44200, Nepal",27.5786465,84.4923339,4.1,658,ChIJ7xZX4OLulDkRxSoLxe4kF1w,056-580327
Chitwan,Siddhartha Vilasa Banbas,"Khairahani 44200, Nepal",27.5690069,84.5201431,4.7,128,ChIJvdq52szulDkRa-1SZDJ_WsI,Not available
Chitwan,Hotel Aikawa,"Nikunja Chowk, Ratnanagar 44200, Nepal",27.5768231,84.5017506,4.5,84,ChIJiWZ8r6DvlDkRA11tNWNOLjk,056-494001
Chitwan,Hotel Kavya Inn Chitwan,"Sital Chowk 8, Bharatpur 44200, Nepal",27.6557976,84.4363919,4.7,29,ChIJa0AFm8z6lDkRdxhr3N6xGc0,981-8979797
Chitwan,Chitwan Village Resort,"HFHV+V23, Sauraha Road, Narayani 00977, Nepal",27.5796318,84.4925537,4.4,235,ChIJBaaK7uLulDkRmNJS88F57as,985-5062152
Chitwan,River Park International Resort,"National Park Tharu Village, Baghmara Road, Ratnanagar 44200, Nepal",27.5971851,84.4868316,4.3,148,ChIJ9TeL2Q7vlDkRn7I1z8VU1Ro,985-1169724
Chitwan,Seven Star Village Resort,"Ratnanagar 44200, Nepal",27.5841981,84.4963798,4.1,414,ChIJ9TVwdx7vlDkRGEvrnxzgZlk,056-580207
Chitwan,Chitwan Riverside Resort,"HFMQ+8PR Elephant Junction, Baadreni Road, Ratnanagar 44204, Nepal",27.5820426,84.4886169,4.2,314,ChIJHUBcn8DqlDkR-FCwBK9cQ1U,985-5086291
Chitwan,Tiger Residency Resort,"HFHX+4GW, Ratnanagar 44200, Nepal",27.577696,84.4987995,4.4,367,ChIJE5f44uDulDkR9ddRhM9u3Vw,056-580053
Chitwan,"Vivanta Chitwan, Bharatpur","CG Landmark, Opp Birendra Campus, Bharatpur 44200 Tel 056, Bharatpur 44200, Nepal",27.6867095,84.4284451,4.4,630,ChIJ4daLsn77lDkRkJQpzik0hqg,056-512300
Chitwan,Hotel Happy Land,"Chitwan National park, 44200, Nepal",27.5780197,84.5003891,4.7,43,ChIJA234FtTvlDkRijc3_tvUkro,984-5324007
Chitwan,Sisai Park Village,"Sisai, Ratnanagar 44204, Nepal",27.6208125,84.4832408,4.8,10,ChIJqxD7X9fvlDkRHX4ajmqivyA,056-562456
Chitwan,Shanta Ghar : A Rustic Guesthouse,"Madi Road, Bharatpur 44214, Nepal",27.4352949,84.4119699,4.3,39,ChIJ1xJD8zSNlDkRi0UpVczpeFs,985-5052016
Chitwan,Chitwan Gaida Lodge,"Bachhauli-2, 44204, Nepal",27.5745044,84.4992428,4.1,306,ChIJGeRvPufulDkRip4bX0ar6v4,984-5239509
Chitwan,Jungle Villa Resort,"Patihani 2, Chitwan, Nepal, Patihani Chitwan, Nepal",27.559426,84.338049,4.5,342,ChIJU6dvjMP2lDkRChS9dTUdob0,056-411011
Chitwan,Hotel Vista Chitwan (P)LTD,"Village 44200, Nepal",27.5883474,84.4947293,4.5,104,ChIJ9xMm9JnvlDkR1kAO5KVnSSQ,985-5080329
Chitwan,Happy Lemon Tree Lodge,"Badreni Road, 44200, Nepal",27.5809707,84.4905929,4,151,ChIJ2ezvXf3vlDkR1K52ITdh_k0,984-5500576
Chitwan,Green Chwadi Nature Retreat,"Gurau Marga, Kawasoti 33000, Nepal",27.612742,84.1313593,4.3,29,ChIJKQKKEQxblDkRzpCmkJbQbOo,984-9072938
Chitwan,Ashoka Resort Pvt. Ltd,"Bharatpur - 29, Bharatpur 44200, Nepal",27.7781896,84.4536302,4,134,ChIJHXMoj67jlDkRI6PiOJ48fyg,981-3252214
Chitwan,"Hotel Tiger Tops, Sauraha","Rhino Rd, Ratnanagar 44204, Nepal",27.5778326,84.4977988,4.3,70,ChIJNVaQ-GnvlDkR-V3uVVF7Vlg,984-2397050
Chitwan,Sauraha Resort,"Ratnanagar-18, Gaida Chok, Main Town, Sauraha 00977, Nepal",27.574215,84.494095,4.2,23,ChIJ5dCgQuTulDkRMqkcvPnpPus,985-5060114
Chitwan,Hotel Garden of Dreams,"Ratnanagar 44200, Nepal",27.5771393,84.5041639,4.7,26,ChIJ9RxXid7ulDkR7TmBDzWakrU,984-5049155
Chitwan,Hotel Jungle Crown,"Tigerpoint, Baghmara Sauraha Chitwan National Park, Baghmara Road, 00977, Nepal",27.5914026,84.4846681,4.3,573,ChIJg8X4cgbvlDkRKhv0-hD-t2g,056-580449
Chitwan,Sauraha Resort,"Bachhauli-2, Sauraha, Chitwan, Nepal, 00977, Nepal",27.577217,84.4949976,3.9,283,ChIJQ62jY-TulDkRzpCBScRTyrY,056-580114
Chitwan,Hotel Parkland P. Ltd. Chitwan,"P. Box 25580,Citron Gardens, Thamel, Kathmandu, NA, Nepal",27.5765192,84.4986235,4.3,391,ChIJNaojI-fulDkRlikQd3qHmyg,056-580344
Chitwan,Landmark Forest-Park,"Paryatan Margh, Chitwan National Park, Nepal, Baghmara Road 44200, Ratnanagar 00977, Nepal",27.5877509,84.4842562,4.2,938,ChIJ19ZltgbvlDkR9bPoFBc9uh4,056-580311
Chitwan,Tara Guesthouse,"Ratnanagar 44200, Nepal",27.582789,84.4843308,4.8,62,ChIJCVZyYxLvlDkRIDRa8DxUdOY,984-5792964
Chitwan,Paris Guest House ,"Chowbis koti, Bharatpur 44220, Nepal",27.6831467,84.4323357,4.6,78,ChIJ8RC_JSn7lDkRpRUnsTl_l38,986-0901187
Chitwan,Tiger Wildlife Resort,"Bayerghari shukranagar, Bharatpur-25, 44200, Nepal",27.5654599,84.264912,4.7,32,ChIJh7_-eYVZlDkR3VkaAnjuouc,976-2550888
Chitwan,Hotel The Canopy,"Ratnanagar 44200, Nepal",27.584848,84.50387,5,1,ChIJOeH__yDvlDkRWYXZBIEJwKE,981-0299155
Chitwan,Hotel National Park Sauraha,"National park, Sauraha Road 44200, Ratnanagar 00977, Nepal",27.5784359,84.4999188,4.7,493,ChIJreCWw-DulDkRiZkClvjOOdw,984-5155749
Chitwan,Hotel Gulmohar,"Milan Chowk, Bharatpur 44200, Nepal",27.6687986,84.4427349,4.8,13,ChIJeQRe7szllDkRgvqbZhMe9dE,056-494814
Chitwan,Jagatpur Lodge by Annapurna,"Lodge 44200, Nepal",27.5658679,84.3083644,4.7,225,ChIJyYEX3Vb2lDkRmfpCI26UeNA,01-5325241
Chitwan,Chitwan Paradise,"Baadreni Road, Ratnanagar 44200, Nepal",27.5834325,84.4879962,3.9,270,ChIJCVA-Z0DulDkRP-NLPwzEkMs,056-580048
Chitwan,Hotel Mirage Sauraha,"Ratnanagar 44200, Nepal",27.5845838,84.4939846,4.5,86,ChIJUz5PTk_vlDkR1TVNa419u1I,984-5355551
Chitwan,Chitwan MidTown (CMT) Resort,"Bharatpur 44207, Nepal",27.6703863,84.4368732,4.1,490,ChIJ8UfCGNX6lDkRkb0Ml9coH1w,056-490403
Chitwan,Safari Adventure Lodge,"Baadreni Road, Ratnanagar 44200, Nepal",27.584576,84.472895,4.1,126,ChIJs5ftsePulDkRgfYP7u0GMCc,056-580001
Chitwan,Chautari Garden Resort,"Baadreni Road, Ratnanagar 44204, Nepal",27.5825709,84.4898645,4.1,100,ChIJxcgSrgLvlDkRx0Jtb_7wV5k,056-580198
Chitwan,Sapana Village Lodge,"चितवन राष्ट्रिय निकुञ्ज, सौराहा रोड 44200, Ratnanagar 44200, Nepal",27.5899049,84.4921783,4.6,519,ChIJ6fhYHxvvlDkRC5Fg--yVigU,056-580308
Chitwan,Chitwan Safari Resort,"HFGW+CRF, Ratnanagar 44200, Nepal",27.5760517,84.497055,3.7,102,ChIJO9_OS-HulDkRzhXrPUO-zYQ,984-5717722
Chitwan,Hotel Monalisa Chitwan,"Ratnanagar 44200, Nepal",27.5830169,84.4946156,4.3,283,ChIJL1qquB3vlDkRasusgRLRd8s,056-580331
Chitwan,chitwan park village,"Sauraha Road 6, Ratnanagar 44200, Nepal",27.5772341,84.4987595,4.3,120,ChIJOeH__yDvlDkRnrWsbX1jIpU,985-5043812
Chitwan,Hotel Ama Garden,"Ratnanagar 44204, Nepal",27.5762104,84.4994805,4.2,76,ChIJY_M7LV_vlDkR3hMlOKzkLyY,984-0247772
Chitwan,Tigerland Safari Resort,"CHITWAN NATIONAL PARK, 44200, Nepal",27.5667457,84.305931,4.5,472,ChIJP4Yet1X2lDkRsiny6rQLbWE,056-411091
Chitwan,Baghmara Wildlife Resort,"HFVM+2GF, Ratnanagar 44200, Nepal",27.5925555,84.4837856,3.9,93,ChIJf2g-IQbvlDkRXA2F48TzA3Q,056-580041
Chitwan,Hotel Hermitage,"HFJR+4PP, Ratnanagar 44200, Nepal",27.5803384,84.4918304,3.9,248,ChIJTzycvuLulDkRdFn7DLNki1w,01-4424390
Chitwan,Jungle Wildlife Camp,"Baadreni Road, Ratnanagar 44202, Nepal",27.5792629,84.492136,4.1,277,ChIJl1fjIkHxlDkReF6A4kZPsw4,056-580093
Chitwan,Wild Adventure Resort,"Badrehani 8, Sauraha, Chitwan 44202, Nepal",27.5779533,84.4747772,4.4,101,ChIJm1VVVRXDlDkRVddP0unqIFE,985-5058899
Chitwan,Hotel Sauraha Village,"HGG3+RCP, Ratnanagar 6, Nepal",27.5771488,84.5034485,4.7,9,ChIJhRId3T7vlDkRT0bf6Ga6dQU,986-5008025
Bhaktapur,Hotel Heritage Bhaktapur,"Suryabinayak 44800, Nepal",27.6674397,85.4248778,4.3,315,ChIJIynDeKYa6zkRrd4L_jg5E9o,01-6611628
Bhaktapur,Bhaktapur Paradise Hotel,"F099, Bagmati, Central Region, Suryabinayak 44800, Nepal",27.6590684,85.4232513,4.2,134,ChIJe3H3IggQ6zkRZql6ICH7X5o,01-5092720
Bhaktapur,Hotel Bhaktapur Inn,"Byasi -2, 44800, Nepal",27.6743134,85.4283632,4.3,121,ChIJRQA79Lwa6zkRyvyyM8cV2aY,01-6612220
Bhaktapur,Hotel Vintage Home,"Balakhu-2, Durbar square, Bhaktapur 44800, Nepal",27.6729166,85.4291401,4.7,132,ChIJwS9zz68a6zkRVtP6poycrwE,01-6616172
Bhaktapur,Hotel Garuda,"Taumadhi Square, Bhaktapur 44800, Nepal",27.6708078,85.4288783,4.3,7,ChIJ-xRa-osb6zkRJRMmeuA4cF0,01-6620537
Bhaktapur,HOTEL CENTRAL BHAKTAPUR,"Ganesh Temple, Durbar square -2 Nearby Balakhu, Bhaktapur 44500, Nepal",27.6727649,85.4296825,4.7,32,ChIJ7ysDSokb6zkRJgcO30l_m-w,984-1112478
Bhaktapur,Hotel Empire & Rooftop Restaurant,"Taumadhi Square, Nyatapola 44800, Nepal",27.6716687,85.4293462,4.2,79,ChIJEzE6_cAb6zkR1eFJ1T6DCU0,986-0116645
Bhaktapur,Peacock Guest House,"Dattatraya Temple, Bhaktapur 44800, Nepal",27.6732527,85.4349708,4.5,131,ChIJx4FWna0a6zkRULbhkazRG_o,01-6611829
Bhaktapur,Hotel Bhadgaon,"Barahisthan, Bhaktapur 44800, Nepal",27.6670567,85.4248517,4.5,138,ChIJC6GP65Mb6zkRGhbwNrwW18Q,01-6620038
Bhaktapur,Hotel Traditional and Rooftop cafe,"Durbar Square, Bhaktapur 44800, Nepal",27.671907,85.4279806,4.9,51,ChIJM0hL-vgb6zkRY5bcKRFMsx8,985-1102207
Bhaktapur,Planet Bhaktapur Hotel,"7, cha vdc, Mandev Marg, Bhaktapur 44800, Nepal",27.6820282,85.4301425,4.7,238,ChIJG2xdVFYF6zkRhGMTfyFJUp8,985-1170947
Bhaktapur,Hotel Durbar Side,"Yalachhen Road, Bhaktapur 44800, Nepal",27.6733242,85.4292762,4.8,8,ChIJDYsGgOQb6zkRs4PzOCSPVik,984-3269971
Bhaktapur,The Nanee,"Itachhen 2, Bhaktapur 44800, Nepal",27.6727318,85.4257091,4.5,58,ChIJTbAmN3Qb6zkRkCRN2FsKFHI,01-5915110
Bhaktapur,Indrayani Boutique Hotel & Cafe,"Bhaktapur 44800, Nepal",27.672747,85.426836,4.6,7,ChIJsytrSlcb6zkRoKP6QzrPrZo,01-6612770
Bhaktapur,Hotel Layaku Durbar,"Yalachhen Road, Bhaktapur 44800, Nepal",27.6733973,85.4291448,4.3,129,ChIJg2v0ts4b6zkRCvSwVY-NPgY,01-6618491
Bhaktapur,Golden Gate Guest House,"Bhaktapur 44800, Nepal",27.6715686,85.4287524,3.9,47,ChIJJ2mVo68a6zkRa5sT-nkh-kA,01-6610534
Bhaktapur,Inn Sangrahalaya Hotel,"Balakhu Ganesh Durbar Square, Bhaktapur 44800, Nepal",27.67263,85.4292894,5,1,ChIJjUpZDAAb6zkRflSq_0aRGAA,985-1170773
Bhaktapur,Mountain Guest House,"Durbar square balakhu, Bhaktapur 44800, Nepal",27.6725893,85.4291995,4.4,41,ChIJ-Sn4yK8a6zkRS8uIr0TU3vo,984-1369029
Bhaktapur,Bhaktapur Guest House,"chundevi, Suryabinayak 44800, Nepal",27.6640685,85.4164822,3.9,258,ChIJ_fu7hZ8a6zkRDK6s9jgDMsE,01-5092197
Bhaktapur,Tulaja Boutique Hotel,"durbar square, Bhaktapur 44800, Nepal",27.6732034,85.4292045,4.3,115,ChIJtdRuz68a6zkRn3wWMwTf1_Q,01-6618144
Bhaktapur,Hotel Greenland,"Bhaktapur 44800, Nepal",27.6729142,85.4112625,3.7,261,ChIJF_piZZoa6zkRUpB7ydW1lNI,01-6618115
Bhaktapur,khwapa chhen Guest House and Restaurant,"3, Bhaktapur 44800, Nepal",27.672088,85.4273297,3.8,65,ChIJkTceiq8a6zkRSq1ETM8us2Y,970-2654830
Bhaktapur,Siddhi Laxmi Guest House and Cafe,"Bhaktapur 44800, Nepal",27.6705071,85.4293847,4.2,34,ChIJ3yo7BK8a6zkRuVq6e2KAHx8,01-6612500
Bhaktapur,Homes Guest House (Ittachhen),"Durbar Square, Bhaktapur 44800, Nepal",27.6734198,85.4242272,4,31,ChIJv0KT16sb6zkRZJ1hQykOj_E,970-2433755
Bhaktapur,Milla Guesthouse,"Devli 10, Bhaktapur 44800, Nepal",27.6742508,85.4339457,4.5,33,ChIJbwZPdLIa6zkR0M8BAhfOAL4,981-7849759
Bhaktapur,Taleju Grand Hotel,"Darbar Square, Bhaktapur 44800, Nepal",27.6727366,85.4289087,4.7,3,ChIJf5d6nYwb6zkRbw2eDHrCKes,984-9761715
Bhaktapur,Sweet Inn,"Tripurasundari Marg, Bhaktapur 44800, Nepal",27.6729812,85.4300503,4.9,7,ChIJv8OmykMb6zkROlcibij7K-8,984-9425951
Bhaktapur,Manju Baha Hotel & Restaurant,"MCFM+WGR, Bhaktapur 44800, Nepal",27.6747238,85.433787,4.9,34,ChIJj-2WDagb6zkRQwVya6igq7c,976-7234014
Bhaktapur,Shiva Guest House,"Durbar square, Bhaktapur 46800, Nepal",27.6718108,85.428603,4.5,2,ChIJXS_u6e8b6zkRXuKM9ZM8qM0,985-1129912
Bhaktapur,Big Bell Guest House and Restaurant,"MCFM+3V3, Inacho - Hanumanghat Rd, Bhaktapur 44800, Nepal",27.6726552,85.4346169,4,29,ChIJ0y0Eoq0a6zkRtynuEv3xALQ,01-6611675
Bhaktapur,Vajra Guest House & Rooftop Restaurant,"Nagarkot Rd 10, Bhaktapur 44800, Nepal",27.6726197,85.4295217,4.2,159,ChIJAAAAAAAAAAARCwN5WdzZTyc,01-6610782
Bhaktapur,OYO 761 Tushita Guest House & Roof Top Restaurant,"Taumadi Road, 44800, Nepal",27.6713503,85.4297111,4.5,2,ChIJXadlq68a6zkRfH-5hpKzNBs,01-6617435
Bhaktapur,Heart of Bhaktapur Guest House,"Taumadhi Square, Bhaktapur 11, Nepal",27.6702088,85.4301733,4.3,17,ChIJ_0mr_K4a6zkR7fKkytvAJb4,01-6612034
Bhaktapur,Swastik Guest House,"Bekhal - 10, Bhaktapur 44800, Nepal",27.6755388,85.4336981,4.4,105,ChIJW0p3QLIa6zkRj28jLIiljwU,985-1000425
Bhaktapur,OYO 310 Sweet Home Bhaktapur Pvt Ltd,"1, Bhaktapur Durbar Square Road, Bhaktapur 44800, Nepal",27.673864,85.4272402,5,10,ChIJGUZRkJEb6zkRHjeA5mqMGV8,Not available
Bhaktapur,Hotel View Bhaktapur,"Araniko Highway, Bhaktapur 00977, Nepal",27.663024,85.44484,3.9,177,ChIJ11DMSr4a6zkRuTT5UHMeOfc,984-0630104
Bhaktapur,Cosy Hotel,"Pottery Square,, Bhaktapur 44800, Nepal",27.6701482,85.4282669,3.9,53,ChIJdWa4ba8a6zkRqzTo0QT7CqU,984-1231795
Bhaktapur,Khwopa Guest House,"Ghaiti 04, Bhaktapur 44800, Nepal",27.6702469,85.4289982,3.9,22,ChIJi5swDa8a6zkRddrlCdRnuI0,01-6614661
Bhaktapur,Luniva Restaurant & Guest House,"MCFJ+WH4, Bholachhen - Yachhen Rd, Bhaktapur 44800, Nepal",27.6748161,85.4313162,4.5,6,ChIJTzMQ9E0b6zkRMKnIP6I54nM,986-4995262
Bhaktapur,Hotel Rupakot & Roof Top Restaurent,"MCCH+5GF, बोलाछें सडक, Bhaktapur 44800, Nepal",27.6704161,85.4287529,4.9,60,ChIJ6YlJXzMb6zkRqzRANeY2A6o,984-3519823
Bhaktapur,Hotel Heritage Malla,"Nasmana 13, Bhaktapur 44600, Nepal",27.6704924,85.4269439,4.4,52,ChIJgxa9hqUa6zkRbMP1p0aUzPY,985-1132060
Bhaktapur,OYO 241 Nytapola View Guest House,"Taumadi, Bhaktapur 44800, Nepal",27.670039,85.4283793,4.3,58,ChIJSyyTbK8a6zkR3gO0ALyIMTU,01-6611344
Bhaktapur,Heirtage Inn Guest House,"MCFH+4P9, Balakhu, Bhaktapur, Nepal",27.6727923,85.4293444,5,1,ChIJ3Usbe6Ya6zkRJAvuUSMseBw,Not available
Bhaktapur,"Dragon Homestay, Bhaktapur","Pandubazaar height, Gumba Marg, Bhaktapur 44800, Nepal",27.6614245,85.4196105,5,20,ChIJtzJjQ_8R6zkRaeQZb_zrNj8,985-1238078
Bhaktapur,Kumari Guest House,"देगमाना मार्ग, Bhaktapur 44800, Nepal",27.6715287,85.428745,4.6,38,ChIJX_eNo68a6zkRdglhdEJqEYE,01-6618266
Bhaktapur,Bhaktapur Home Pvt Ltd,"Kwachhen 05, Bhaktapur 44800, Nepal",27.6738605,85.4272374,5,3,ChIJvVhVVaUa6zkRo2B3Q33cFXg,985-1137429
Bhaktapur,Pradhan House Home Stay,"Bhaktapur 44800, Nepal",27.6745154,85.4357433,4.7,62,ChIJ6Ul5nLIa6zkRyLGqw5Xqixg,01-6611785
Bhaktapur,Hotel Tryst,"MCCC+PV7, dudhpati street, Nagarkot Road, Bhaktapur 44800, Nepal",27.6717874,85.4221844,3.3,8,ChIJCwTmzyMb6zkRwSaJHaE1MQ4,01-6619960
Bhaktapur,Vajra Guest House,"MCFH+2RH, Bhaktapur 44800, Nepal",27.6725852,85.4296173,4,37,ChIJ-0Boyq8a6zkRJX_QklXGi8A,01-6610782
Bhaktapur,Siddhi Home Hotel Bhaktapur,"Taumadhi Square, 05 44800, Nepal",27.6712779,85.4295758,3.3,50,ChIJE07pq68a6zkRPmMMS0BWhwY,01-6612004
Bhaktapur,OYO 276 White Orchid Resort,"Suryabinayak, Bhaktapur 44800, Nepal",27.6591828,85.4498381,3.7,6,ChIJz_JlHv0Y6zkR3aZf6H5pQKc,Not available
Bhaktapur,THAGU CHHEN,"MCCH+9WW, Itachhen-15, Bhaktapur 44800, Nepal",27.6728634,85.425518,4.2,47,ChIJ2VAEO6Ua6zkRHuRDNlT5wtQ,985-1152541
Bhaktapur,OYO 280 Hob Nob Garden Resort,"334 Jagati Bridge, Araniko Highway, Bhaktapur 44800, Nepal",27.663405,85.4435465,3.7,3,ChIJTYoE0iQF6zkRyh5dz_cqkko,Not available
Bhaktapur,EAGLE NEST HOTEL,"Balambutol 4, Changunarayan 44800, Nepal",27.7163137,85.428828,4.9,39,ChIJhw-VTIob6zkRzh5s8vqTYhI,984-1480637
Bhaktapur,Pagoda Guest House and Restaurant,"Taumadhi Square, Bhaktapur 44800, Nepal",27.6716125,85.4291263,4.4,29,ChIJN3WIr68a6zkRR19CL00-Nns,01-6613248
Bhaktapur,Sunny Guest House,"Near Nyatapola Temple, Taumadi Marg, Taumadi 44800, Nepal",27.6713486,85.4297061,4.7,17,ChIJA0afq68a6zkRM1VDBZO1GIc,984-3680588
Bhaktapur,Hotel Manohara,"Thimi-16, Lokanthali, Bhaktapur 44811, Nepal",27.6812579,85.3607627,3.6,200,ChIJV3znNCIa6zkRpndW9n34KYo,01-6639320
Bhaktapur,OYO 649 Hotel Terracotta,"Tuchhimala Rd, Bhaktapur 44800, Nepal",27.6733742,85.4311587,4.6,28,ChIJL7UeP64a6zkRB9Zf5Gh8NyE,Not available
Bhaktapur,Subha Guest House,"Bolachhen-4, Pottery Square, Bhaktapur 44800 Bhaktapur 44800, Bagmati, Nepal, 44800, Nepal",27.6701412,85.4284348,4.1,103,ChIJL26IZq8a6zkRewmr3eVBizs,01-6612419
Bhaktapur,Laxmi homestay,"Bhaktapur 44800, Nepal",27.6727033,85.4266969,4.5,57,ChIJZYT5xhAb6zkR1alyYwCuJ3I,984-9125800
Lalitpur,Hotel Himalaya,"Yala Sadak 3584, Lalitpur 44600, Nepal",27.6841382,85.3193951,4.1,2869,ChIJ_RUrZbYZ6zkRn_P32yhvh4E,01-5423900
Lalitpur,KGH Patan,"Mikhabahal Lalitpur 20, 44600, Nepal",27.6766617,85.321157,4.1,22,ChIJLYWyoOUZ6zkRLXHDyxsA3y0,980-1176375
Lalitpur,Vivanta Kathmandu,"Jhamsikhel Road 03, Lalitpur 44600, Nepal",27.6768281,85.3110158,4.3,1080,ChIJ_eO3IwcZ6zkRTCZsdwSnOBY,01-5425002
Lalitpur,Heranya La:Ku,"Patan Durbar Square, Lalitpur 44700, Nepal",27.6734999,85.3247047,4.3,30,ChIJDdq3Xt8Z6zkREBoYQT4YKzo,974-5967569
Lalitpur,Weavers Inn,"Lagankhel-6, Lalitpur 44700, Nepal",27.6667004,85.3250233,4.1,165,ChIJ1SdhtQ8Z6zkRYd9GuQ8Hbck,981-8409661
Lalitpur,Lalit Heritage Home,"M89G+V97, Patan Durbar Square, Lalitpur 44600, Nepal",27.6724497,85.3247149,4.7,42,ChIJd2UIb8UZ6zkRtP5zaa5GqxU,984-3455640
Lalitpur,Patan Heritage Home & Restro,"Mamaru Galli, Lalitpur 44600, Nepal",27.6736465,85.3244119,4.9,109,ChIJ3wXrA44Z6zkRZZMdtpKFKRw,01-5915474
Lalitpur,Nextdoor Patan,"Kupondole Rd, Lalitpur 44600, Nepal",27.6848914,85.3158816,4.8,240,ChIJ7VEHSkMZ6zkRW4P8DNjx9VU,980-1002972
Lalitpur,Hiranya Guest House,"Nakabahil, धलायचा लँ, Lalitpur 44600, Nepal",27.6754912,85.3224324,4.7,68,ChIJhdlSN88Z6zkRZRvmhAuDjYg,984-1551450
Lalitpur,Karuna Hotel Patan Kathmandu,"26/27-7, Bhindyolachhi 44600, Nepal",27.6736373,85.326898,4.8,44,ChIJ_yKqv9kZ6zkRXGn_IVS98nI,980-1467099
Lalitpur,Sarovar Residency,"Machhindra Park, Ekantakuna Rd, Lalitpur 44700, Nepal",27.6705275,85.3114515,4.3,87,ChIJ_Xm7_VAZ6zkRTeNomp7MfIw,01-5530414
Lalitpur,Shangrila Blu Hotel,"Maitri Marg 443, Lalitpur 44600, Nepal",27.6827104,85.3146014,4.3,249,ChIJXbARKuUZ6zkRToKqjtSIHg8,01-5446604
Lalitpur,Heranya Yala,"Gujibahal, Lalitpur, Nepal",27.6694051,85.3264679,4.4,81,ChIJpQETS-UZ6zkR_xWrB3cWtyU,974-5967569
Lalitpur,HOTEL SIRAAJ,"M8C8+GF2 Way to British camp, CDO office road, Lalitpur 44600, Nepal",27.6713344,85.3160866,3.8,42,ChIJ8zpT7S8Z6zkRJQJ7EQpwUUM,984-3218215
Lalitpur,Dalucha Heritage,"M8GF+4WG, Kwalakhu Rd, Lalitpur 44700, Nepal",27.6753296,85.3248393,5,11,ChIJB4xyytYZ6zkR3HfPLJHOrUw,Not available
Lalitpur,Shakya House,"Lalitpur 44700, Nepal",27.6791035,85.3254803,4.5,89,ChIJH9pxNcYZ6zkRME076U2TETk,984-1280625
Lalitpur,Five14 Bed and Breakfast,"Jawalakhel Volleyball Training, Lalitpur 44700, Nepal",27.6752492,85.3104654,4.8,85,ChIJTYcXkDMY6zkRoaQa445724E,01-5450092
Lalitpur,Hidden Leaf Bed & Breakfast,"Near, Lalitpur 44600, Nepal",27.6753121,85.3065684,4,113,ChIJL7vsHK8Z6zkRrGhRzlOPNgY,01-5153683
Lalitpur,Boutique Heritage Home,"Saugal chowk, Ward 8, Lalitpur 44700, Nepal",27.6709079,85.3267669,4.4,61,ChIJzwQ2zsQZ6zkRSG3efOjIHsI,981-8610462
Lalitpur,Jacaranda Tree Garden,"Bakhundole, Lalitpur 44600, Nepal",27.6817261,85.316747,4.7,90,ChIJ5R1PJ3IZ6zkR6kqYCWkfEUw,980-3303077
Lalitpur,Hotel Timila,"tumbahal-12,Hotel Timila,Patan, Lalitpur 44600, Nepal",27.6745249,85.3261565,4.8,175,ChIJ1RzXtsUZ6zkR4zzIirDrhrc,986-9832363
Lalitpur,The Inn Patan,"Traditional Road, Lalitpur 44700, Nepal",27.6743543,85.3259235,4.6,113,ChIJwcuGsMUZ6zkRqfZvBmrtY0E,01-5447834
Lalitpur,Hotel Goodwill,"M89G+4MH Kanibahal, Lalitpur 44700, Nepal",27.6670962,85.3267241,3.6,254,ChIJIdspq9sZ6zkR70XyVkp8c5I,01-5444520
Lalitpur,World Heritage Hotel & Apartment ,"Gangalal Road, Kathmandu 44600, Nepal",27.7050132,85.306446,4.3,213,ChIJp9e6gvgY6zkRE0DYy4gkI1g,01-5361862
Lalitpur,Hotel Clarion,"मानभवन सडक, Lalitpur 44700, Nepal",27.6722515,85.3165334,3.7,147,ChIJRaWir80Z6zkR1dIOw3IHHd0,01-5424512
Lalitpur,Hotel Subha Casa,"Swotha Rd, Lalitpur 44600, Nepal",27.6746244,85.3251487,5,40,ChIJHU1uesIZ6zkRDJMO5Ph4_5I,981-3956364
Lalitpur,Traditional Stay - A Boutique Hotel,"Swotha Rd, Lalitpur 44600, Nepal",27.6753542,85.3251982,4.7,34,ChIJU_oRuMUZ6zkR2I7TdJutd4I,01-5554628
Lalitpur,a newa home,"Nahiti Ganesh Marg, Lalitpur 44700, Nepal",27.6673164,85.3266103,4.4,5,ChIJs9q4FdoZ6zkRVMSFecvLZJk,984-1296841
Lalitpur,Lumbini Heritage Home,"Nagbahal-16, 5 minute walking distance from Patan Durbar Square, Lalitpur 44700, Nepal",27.6762143,85.3240617,4.5,62,ChIJJ9Kd_8UZ6zkRCxb4LNCLTtU,984-0466686
Lalitpur,Indsu Home,"M8P8+6JH, Lalitpur 44700, Nepal",27.6855549,85.3165886,4.9,56,ChIJq0lalbQZ6zkRXyDSXJN5-M8,985-1130267
Lalitpur,United Business Hotel,"United World Trade Centre, Tripura Marg, Kathmandu 00977, Nepal",27.6940316,85.3134179,3.6,67,ChIJrYGcrFIY6zkR53EMKGye-jo,01-5917209
Lalitpur,Hotel Greenwich Village,"Kathmandu 44600, Nepal",27.6845148,85.312184,3.9,572,ChIJ2ZLE4UoY6zkR5saYy5EHNH8,01-5521780
Lalitpur,Tajaa Pha The Heritage Home,"Pimbahal Rd, Lalitpur 44600, Nepal",27.6756716,85.3207161,4.7,89,ChIJ9Znm0c4Z6zkR3oayjdnojwc,985-1039444
Lalitpur,Shaligram Hotel & Spa,"Jawalakhel Rd, Lalitpur 44600, Nepal",27.6710767,85.3117064,4.4,700,ChIJn0ULjjIY6zkRTmMrzytiko8,980-2073899
Lalitpur,Hotel patan,"M8CG+VVX, Lalitpur 44600, Nepal",27.672188,85.3272101,4.3,21,ChIJW6Wm92UZ6zkRFv3af42j_Ao,Not available
Lalitpur,KBB Hotel and Apartments Hosted by Hostmandu,"Kharibot, Kathmandu 44600, Nepal",27.6858747,85.3068213,3.4,7,ChIJgw5BpHsZ6zkRg9RKADXiTlw,980-1194921
Lalitpur,Yala Talachhen Heritage Home,"M8GG+57P, Lalitpur 44600, Nepal",27.6754545,85.3256945,4.8,4,ChIJOyYHYjsZ6zkRF01LEWdeaUc,01-5546192
Lalitpur,The Melo Pomelo Courtyard,"Naradevi- 18, Kathmandu 44600, Nepal",27.7080966,85.3069893,5,14,ChIJmTY1JO0Z6zkRAfxIYf-i4BI,981-8094584
Lalitpur,Temple House,"Mamaru Galli Patko, Lalitpur 44700, Nepal",27.6737241,85.324174,4.5,71,ChIJQxcih8UZ6zkRkaWkHSKQlLY,01-5424487
Lalitpur,OYO 807 Hotel Grand Tokyo,"M8X6+QGF Bagdurbar-11, Kathmandu 44600, Nepal",27.6994375,85.3113125,4.6,190,ChIJaTFxgVQY6zkRJ5OhaHT-WH0,01-5904107
Lalitpur,Hotel Patan House,"M8FF+VP6, Dhaugal Rd, Lalitpur 44600, Nepal",27.6746964,85.3242907,4.6,20,ChIJdWLsQc8Z6zkR9OJtCO9n69w,985-1025114
Lalitpur,Yamba Traditional Home,"Dhime manhyon galli, Lalitpur 44700, Nepal",27.6719331,85.3276897,4.8,106,ChIJ2-FIwMQZ6zkR_SjklSN3K4c,984-3676134
Lalitpur,Kaji Home,"Next to Beauty Within a beauty parlour, 100m from Nepal olympic committee, Bodhigram Rd, Lalitpur 44700, Nepal",27.6596684,85.3296832,4.4,72,ChIJW89-z28Z6zkRKelzrlNNGcc,984-1623723
Lalitpur,Peace & Joy Guest House,"Lonla Tole Marga 44700, Lalitpur 44700, Nepal",27.6728006,85.3292045,4.6,101,ChIJTbmI7L8Z6zkRZ6jiJDBhqJs,986-6997780
Lalitpur,Himalaya Apartment Hotel,"Jhamshikhel Rd, Pulchowk Near St.Marys School, Lalitpur 44600, Nepal",27.6759807,85.3133917,4.5,10,ChIJe-KcqjQY6zkR50XQnqCLbkQ,985-1009995
Lalitpur,Hotel De Sapphire,"Kathmandu 44600, Nepal",27.6901134,85.296636,4.4,64,ChIJ9cI3CkMY6zkRSVo-gHnJpVA,Not available
Lalitpur,Bhrikuti Stay,"Swotha Rd, Lalitpur 44700, Nepal",27.6756188,85.3259188,5,32,ChIJ5ZRlmysZ6zkRwS1ID1vQkjE,981-3156839
Lalitpur,GreenTara Heritage Home,"Dhalayacha - Nagabahal Rd, Lalitpur 44600, Nepal",27.6763355,85.3233822,4.6,16,ChIJdYjp-MUZ6zkR0AJiip0nEtk,984-1286889
Lalitpur,Hotel Kutumba,"U D Road, Lalitpur 44600, Nepal",27.6824595,85.3163501,4.4,205,ChIJdZlTbhwZ6zkRmvIFGWGIV7Q,01-5010741
Lalitpur,Hotel Awana,"J9J2+QV3, Kasuli Marg, Godawari 44700, Nepal",27.6290908,85.3493532,4.5,37,ChIJjYr__zAX6zkRg6Rfve0M2RM,01-5014900
Lalitpur,Awale House,"M8FG+GRJ, Lalitpur 44600, Nepal",27.673818,85.3270484,4.7,32,ChIJH3CES9QZ6zkRmx8VTmpyMfg,980-8441661
Lalitpur,Cafe De Patan,"M8FF+5JX, Lalitpur 44600, Nepal",27.6730178,85.3240826,4,885,ChIJrVsefsUZ6zkRmXpznHZlm90,01-5537599
Lalitpur,Yalamul Garden ,"Crossroad, Saugal, Lalitpur 44700, Nepal",27.6707792,85.3271113,4.7,62,ChIJnQ9OFfUZ6zkRm_c8VcenCyA,981-8392721
Lalitpur,PATANsquared by SherpaShah,"Maitri Marg, Lalitpur 44700, Nepal",27.6817987,85.3154777,4.7,49,ChIJV9RZncoZ6zkRLb_OTOhxjlw,980-1002972
Lalitpur,Hotel Ganesh Himal,"Ikhapokhari Marg P854+XJ5 Chettrapati, Chettrapati, Thamel 44600, Nepal",27.7099432,85.3066188,4.2,315,ChIJg2_MLQMZ6zkRjYIq-N7TdII,01-5363598
Lalitpur,Ban Batika Cafe & Inn,"Mahato marg ,Nakkhu nearby Chautari uphill, Nepal",27.659918,85.3057348,4.4,113,ChIJCxgUJSUZ6zkRjwC5ttC1PlM,Not available
Lalitpur,Mila Hotel,"Ikha Pokhari Marg, Kathmandu 44600, Nepal",27.7100366,85.3076017,4.6,83,ChIJo5p6LXkZ6zkR9mQufnfzWJU,01-5970164
Lalitpur,Traditional Homes ,"Swotha Square, Ward No. 11, House No. 748, Lalitpur 44600, Nepal",27.6743924,85.3257249,4.4,118,ChIJL2ZJusUZ6zkRCErzknB35BA,01-5551184
Lalitpur,Orchid Home Bed & Breakfast,"Bhanimandal Basketball Court, Ekantakuna Rd, Lalitpur 44600, Nepal",27.6740446,85.3078541,3.6,44,ChIJwWXTVTAY6zkRu0dCw3EBfG8,986-0397611
Lalitpur,Sayami Home,"Dhime manhyon galli, Lalitpur 44600, Nepal",27.671591,85.3284216,4.5,109,ChIJ-TdbSVMZ6zkR7MAqr9XqUI0,984-1259445
Pokhara,Hotel Yellow Pagoda Pokhara,"Damside Rd, Pokhara 33700, Nepal",28.1964481,83.9702178,4.1,126,ChIJlfSsZ1-VlTkR3CjcfT36tqQ,981-8209370
Pokhara,Tiger Mountain Pokhara Lodge,"Kandani Danda Pokhara 26, 33700, Nepal",28.2109979,84.0426297,4.2,49,ChIJw2IRA1yWlTkRpAIS6l6k7io,01-4720580
Pokhara,Majestic Lake Front Hotel & Suites,"Baidam Rd, Pokhara 33700, Nepal",28.2176928,83.9581099,4.9,437,ChIJ0YFCyTiVlTkRSlR57cr7Pik,061-591601
Pokhara,Hotel Pokhara Grande,"H10, Pokhara 33700, Nepal",28.1925557,83.974092,4.3,1526,ChIJ8YXCRn-UlTkRPhmQOjfJ1PU,061-450210
Pokhara,Waterfront Resort by KGH Group,"Lakeside Rd, Pokhara 33700, Nepal",28.2217546,83.9516047,4.3,1472,ChIJ4TGpDt2UlTkRmOTU9P7P5tg,980-1166303
Pokhara,Hotel Himalayan Inn,"Lakeside Rd 6, Pokhara 33700, Nepal",28.2070084,83.9626743,3.8,379,ChIJJ11jWRuVlTkReFzA128ambc,061-466042
Pokhara,"Hotel Sandalwood Pokhara, Nepal","Fewa Dam, Pokhara -17, Damside Near by, Pokhara 33700, Nepal",28.1953342,83.9696644,4.9,35,ChIJ-5LGeqiVlTkRJ83j5O4bCic,985-6033910
Pokhara,Hotel Mountain View,"1st Street, Kedareshwor Marga, Lakeside Rd, Pokhara 33700, Nepal",28.2022413,83.9678869,4.5,266,ChIJuwg68wWVlTkRBRiegeaIGfg,985-6034222
Pokhara,Hotel Orchid,"Shiva Temple Street, Lakeside, Pokhara 33700, Nepal",28.2077701,83.9628496,4.3,373,ChIJY-18pByVlTkRkrzccY2_V7I,061-456697
Pokhara,Hotel Lake Paradise,"Phewa Marga, Pokhara 33700, Nepal",28.2124376,83.9629543,4.3,270,ChIJxdX9WR2VlTkRZtD7N73Rycs,061-457624
Pokhara,Hotel Barahi Pokhara,"Lakeside Rd 6, Pokhara 33700, Nepal",28.2084053,83.9588554,4.4,1267,ChIJef9HXh6VlTkRAJ89a-hktRc,985-1354455
Pokhara,Zostel Pokhara,"Pokhara 18, Sedi Bagar, Lakeside, Pokhara 33700, Nepal",28.2238538,83.9516258,4.3,658,ChIJf8nIO92UlTkRwLgIcq1fyYw,986-9273860
Pokhara,The Castle Resort,"Sedi Heights, Lakeside Rd 18, Pokhara 33700, Nepal",28.2242712,83.9584744,4.4,56,ChIJD9UOB-aUlTkRCzUuppkHUkQ,985-1077780
Pokhara,New Pokhara Lodge,"Street no. 3, New Pokhara Lodge Rd, Lakeside Rd, Pokhara 33700, Nepal",28.2042762,83.9668261,4.5,89,ChIJVQXSrQWVlTkRDBUwEP0QDiw,984-6107866
Pokhara,Sarangkot Mountain Lodge,"साराङकोट रोड, Pokhara 33700, Nepal",28.2514641,83.9421556,4.7,624,ChIJPzRwEHiVlTkRIxtmauB8VDU,985-1355861
Pokhara,Hotel Forest Lake,"Lakeside Rd, Pokhara 33700, Nepal",28.2219983,83.9550676,4.5,274,ChIJ-yS08-OUlTkRmZV0jf4NUI4,061-457471
Pokhara,Hotel Splendid View,"Gaurighat , Lake Side, Baidam, Pokhara 37700, Nepal",28.2065271,83.9613156,4.2,324,ChIJdQ0QdhuVlTkRdL4_oKSdWtQ,061-456034
Pokhara,Pokhara Batika,"Calvin wear, Pokhara 33700, Nepal",28.2063082,83.9615839,4.5,493,ChIJrW7fcxuVlTkRDEGTtkoX4ZA,061-457440
Pokhara,Pokhara Boutique Hotel,"Lakeside Rd 20, Pokhara 33700, Nepal",28.2185603,83.9594432,4.3,158,ChIJZxiI_z-UlTkRHx2SVXM10eo,980-2832597
Pokhara,Landmark Pokhara,"Lakeside, Pokhara 33700, Nepal",28.2079289,83.9575353,4,837,ChIJQ373uR6VlTkRnkqu1aepZbs,061-452908
Pokhara,Dorje’s Resort & Spa,"Sedi above Annapurna Cable Car, Saharankot Road, Pokhara 33700, Nepal",28.2304037,83.9503428,4.9,59,ChIJC3kt6ySVlTkR4m2CFyRYz5c,061-590735
Pokhara,Hotel Eco Tree pvt Ltd,"Middle Path St 16 street, Pokhara 33700, Nepal",28.2109004,83.9594156,4.2,108,ChIJuWDHAnmVlTkRkM5PRN78MTw,061-457805
Pokhara,Pokhara Alpine & Springs,"Street 15, Pokhara 33700, Nepal",28.2103361,83.9578156,5,37,ChIJNUwwC--VlTkR-gFyUSAxqOA,061-591705
Pokhara,Temple Tree Resort & Spa,"6th Street, Gaurighat, Lakeside Rd, Pokhara 33700, Nepal",28.2060835,83.9630671,4.5,1216,ChIJMe_2NxuVlTkRhrGXux76z0g,061-455819
Pokhara,Hotel Lake Journey,"Khahare chwok, lake side, pokhara lekhnath 6, Pokhara 33700, Nepal",28.2180617,83.9587767,4.1,78,ChIJpWRn4-OUlTkRTLrRe28kAO4,981-4192408
Pokhara,Three Jewels Boutique Hotel,"Lakeside Rd, Pokhara 33700, Nepal",28.2130801,83.9607733,4.7,165,ChIJ75huhx2VlTkRELSxAWJ8dEo,982-5144008
Pokhara,Kuti Resort & Spa,"Durbar marg Ln, Pokhara 33700, Nepal",28.2094549,83.961854,4.1,1206,ChIJY19V-hyVlTkRPiRExNSk8Ys,061-457325
Pokhara,Hotel Snow Leopard Pokhara,"Gaurighat -06,Lakeside, Pokhara 33700, Nepal",28.2080396,83.9605469,3.8,99,ChIJo5VQZRyVlTkRJi_d1IvCLxk,061-454708
Pokhara,Hotel Peace Ganga Inn,"Da Yatra St, Pokhara 33700, Nepal",28.2104435,83.9595307,4.4,150,ChIJX1UVNByVlTkR68dqSNYbRxM,985-6085510
Pokhara,Hotel Fewa Camp,"Hallan Chowk, Pokhara 33700, Nepal",28.2146066,83.957882,4.6,53,ChIJe-uGxwKVlTkRYC2eFmfFaHg,984-6033550
Pokhara,Himalayan Front by KGH Group,"Sarangkot Rd, Pokhara 33700, Nepal",28.2446195,83.974285,4.4,697,ChIJDSTjvIeUlTkRECgiK-o8esQ,980-1166350
Pokhara,Hotel Crown Himalayas,"Baidam-6,gaurighat, Lakeside, Pokhara 00977, Nepal",28.2069906,83.9634308,4.4,512,ChIJD5_XThuVlTkRlmUc5_JJE94,061-452300
Pokhara,Hotel Trekkers Inn,"Shiva Marga 7, Pokhara 44600, Nepal",28.2061319,83.9616679,4,257,ChIJv0Q3dRuVlTkRTJg-C1_rgRU,061-453244 ext. 06
Pokhara,Fish Tail Lodge by Annapurna,"Lakeside Rd, Pokhara 00977, Nepal",28.2009634,83.9639188,4.6,1125,ChIJr4xPADOUlTkRZ1pcE2BGYpA,061-455071
Pokhara,Hotel Sarowar,"14th Street 15, Pokhara 33700, Nepal",28.2093022,83.9582464,4.4,707,ChIJdT6wnB6VlTkRDLNTIRR-Qko,061-506302
Pokhara,Hotel Hakoniwa,"Barahi Path, lakeside-6, House Number 121.4, Pokhara 33700, Nepal",28.2091171,83.9617318,4.3,166,ChIJKf-LUxyVlTkR-_PE84xU-w8,980-2090767
Pokhara,The Pavilions Himalayas The Farm,"Ward No. 22, Chisapani, Pokhara 33700, Nepal",28.1808228,83.9317653,4.4,215,ChIJFf_aM7PqlTkRB58T-Sitc74,985-6027997
Pokhara,Hotel Tulip Pokhara,"Lakeside Rd, Pokhara 33700, Nepal",28.2077833,83.9678746,4.1,144,ChIJRcmPFkKVlTkRHox86ym_7G8,985-6011421
Pokhara,Tuki Resort,"Pragati Marga 06, Pokhara 33600, Nepal",28.2155228,83.9600898,3.9,600,ChIJ2Xj76-GUlTkRorj1rim_2qg,061-456037
Pokhara,Hotel Utsab Himalaya,"New Pokhara Lodge Rd, Pokhara 33700, Nepal",28.2055344,83.9678281,4.2,169,ChIJXYMQRgSVlTkR_UwJGrQEafM,061-454710
Pokhara,Hotel Plaza Nepal,"Pokhara 33700, Nepal",28.2073049,83.9626318,4.4,113,ChIJpZiLVDqVlTkRGl-7ZIKQTDE,984-4286724
Pokhara,Hotel the clock,"Lakeside Rd 14, Pokhara 33700, Nepal",28.2096932,83.9585506,4.4,96,ChIJr63xKRyVlTkRz8y40NpqgQE,061-453642
Pokhara,Hotel Middle Path & Spa,"Middle Path St, Pokhara 33700, Nepal",28.2113609,83.9598093,4.6,1540,ChIJNfHPxh2VlTkRHRCrSPWHzfE,061-452812
Pokhara,The Orchards,"6XC5+8GR, Lakeside Rd, Pokhara 33700, Nepal",28.2210362,83.9586746,5,7,ChIJE-GlnLuVlTkRlXviD9YgtA8,982-4139050
Pokhara,Paradise Boutique Hotel,"5, Pokhara 33700, Nepal",28.2060893,83.9645218,4.5,99,ChIJTzN8pkmVlTkRk9bj3DlgNOk,061-454330
Pokhara,Pokhara Youth Hostel,"Baidam Rd, Pokhara 33700, Nepal",28.216092,83.9585164,4.4,265,ChIJR5UTgOGUlTkRy5zzr7ZN7ZQ,980-3885084
Pokhara,Hotel kunja Pvt.(L),"Pokhara 33700, Nepal",28.2184605,83.9588737,4.2,222,ChIJPacFMHCVlTkRapB2W3Ao-78,985-6015123
Pokhara,Sunshine Resort Pokhara,"Phedi Patan, Lekhnath Municipality, Pokhara, Nepal",28.1687161,83.9909326,4.6,106,ChIJZ9TNYQGVlTkRu25OxhiXMew,980-1181115
Pokhara,Lake View Resort,"Main Road 126, Pokhara 33700, Nepal",28.2048272,83.9622555,4.2,831,ChIJnbjIIBuVlTkRZN7A-GTvkbg,061-451477
Pokhara,Majheri Resort and Spa,"Lalupate Margha, Pokhara 33700, Nepal",28.2122876,83.9603274,4.5,95,ChIJP2KN93yVlTkRD1yg4RJfMPU,985-6089226
Pokhara,Da Yatra Courtyard Hotel & Resort,"Street no.15, Pokhara 33700, Nepal",28.2106499,83.9585678,4.2,275,ChIJPd0b1h2VlTkRnyu_KBneMPw,061-454960
Pokhara,Hotel Pokhara View,"6X47+VF5, Pokhara 33700, Nepal",28.2071737,83.9636204,4.4,121,ChIJR3eQVBuVlTkRADSsCQ4ksI0,061-462592
Pokhara,Hotel Snowland,"Lakeside Road Main Street( In Between Street NO 13, & 14, Pokhara 33700, Nepal",28.2087737,83.9573411,4,420,ChIJGaGE8x6VlTkRtlnNeoebCm4,985-6009999
Pokhara,Hotel Mount Kailash Resort,"Lakeside Rd 6, Pokhara 44600, Nepal",28.204441,83.9627864,4.3,822,ChIJO4juBX-TlTkRtnNk9ZgU0m8,061-455703
Pokhara,Harvest Moon Guest House,"Street No. 13 Lakeside, Pokhara 33700, Nepal",28.2097989,83.9616122,4.4,105,ChIJc9sl_xyVlTkRTpnyuXZRuok,985-6021586
Pokhara,Hotel Pristine Himalaya,"main street, Pokhara 33700, Nepal",28.2444376,83.949198,4.7,365,ChIJeaSIYLyUlTkR3rSQK4dA0e0,986-3376561
Pokhara,"Hotel Sadan, Lakeside, Pokhara","19th Street, Lakeside Khahare to Dihikopatan Road, Pokhara 33700, Nepal",28.2157446,83.9599754,4.4,51,ChIJI_8r0yqVlTkRn0WMfrY9kK8,061-590790
Pokhara,Hotel The Billabong Garden,"15th Street, Lakeside Rd, Pokhara 33700, Nepal",28.2103444,83.9591378,4.2,179,ChIJmxxozR2VlTkRy9i1lt73E54,985-6058866
Pokhara,Friends Lake Inn,"6XC5+H23, Pokhara 33700, Nepal",28.2214095,83.9580134,4.3,10,ChIJoydRGoCVlTkRIQ28LxmA_R4,Not available
Pokhara,"Nepalaya Eco Hostel, pokhara","House No 79, Barahi Path, Ward No 6,, Pokhara 33700, Nepal",28.209509,83.960238,4.6,68,ChIJITJXTxyVlTkR9BxgmCPVXJU,981-5103387
Biratnagar,Hotel Harrison Palace.,"F78P+XQW, Bajrangabali Marg, Biratnagar 56613, Nepal",26.4675499,87.2869604,4.1,1094,ChIJj0MdhBZ07zkRidOHUgLPBX8,021-511034
Biratnagar,London House Resort,"Biratnagar Kharji, Biratnagar 56613, Nepal",26.5039109,87.2774539,4.1,129,ChIJ7UEMskdz7zkRrl0qry4YBEs,982-0726213
Biratnagar,Big Hotel,"C7WH+X4J, Biratnagar 56613, Nepal",26.4474586,87.2777614,4,799,ChIJxVmlQ0l07zkRPhIvDRriZ5s,021-475209
Biratnagar,City Palace - Hotel & Resort,"Near Neuro Hospital, Jahada Road, Biratnagar 44601, Nepal",26.4542924,87.2829497,4.2,188,ChIJm5wSbjd17zkRnUQ6C2I485E,985-2020539
Biratnagar,Ratna Hotel,"Mahendra Marg Chowk, Biratnagar 56613, Nepal",26.4502097,87.2762749,3.8,507,ChIJbQ_NBEZ07zkReN1MuG5EvtI,021-472455
Biratnagar,Hotel Swagatam,"Roadshes chowk, Biratnagar 44601, Nepal",26.4450033,87.2781383,3.6,479,ChIJcapIvkt07zkRaosSb4jURRA,985-2042177
Biratnagar,Hotel Sova Inn,"Biratnagar 56613, Nepal",26.4605912,87.2819154,3.6,32,ChIJGc0HYz907zkRViCHhy7Xhak,985-2020036
Biratnagar,Royalwood City Inn,"C77G+XG6, Bhagwati Marg, Biratnagar 56613 Biratnagar 10, 56610, Nepal",26.4533655,87.2860302,4.2,5,ChIJ4XIRDgB17zkRsJ6z_ubnHeo,970-2017374
Biratnagar,Hotel Eastern Star,"Roadcess, Biratnagar 56700, Nepal",26.4445743,87.2762506,3.8,640,ChIJgQsfekx07zkRniQeXj7F2vo,021-471626
Biratnagar,Hotel Asiatique Pvt. Ltd,"Airport Rd, Biratnagar 56613, Nepal",26.4851176,87.2737006,3.7,756,ChIJhVseqHd07zkR11d5d-5QI6I,021-464051
Biratnagar,SPOT ON 436 Hotel Everest Inn,"Nawa Jyoti Marg, Biratnagar 56613, Nepal",26.4503399,87.2743798,3.2,116,ChIJ2eajB0907zkRFHPlIWHx8UA,01-4217474
Biratnagar,Hotel Panchali,"Nawa Jyoti Marg, Biratnagar 56613, Nepal",26.4497949,87.2746055,5,5,ChIJtyZj0u117zkR73It8tWtTMw,021-590520
Biratnagar,OYO 333 Hotel Shree Krishna,"Biratnagar 56613, Nepal",26.4493501,87.2744169,3.8,244,ChIJT58TAU907zkRGdIQjh9vAXw,01-4217474
Biratnagar,Dibya Ratna Hotel,"F75V+WMX, Ram Janaki Path, Biratnagar 56613, Nepal",26.4598435,87.2942341,3.5,178,ChIJNxUqnCN07zkREHl3lh3SC6Y,021-530393
Biratnagar,Hotel Birat Green View,"Biratnagar 56613, Nepal",26.4524655,87.2717554,5,1,ChIJh8yjF7917zkRPR_Qv-h2av0,985-1162808
Biratnagar,"Mahendra Hotel (Biratnagar, Nepal)","C7XG+6X3, H08, Biratnagar 56613, Nepal",26.4480251,87.2774488,3.4,119,ChIJkw-qSUl07zkRn3Ekr_SkzO8,985-2026442
Biratnagar,Namaskar Regency,"Traffic Chowk, Main Rd (South), Biratnagar 56613, Nepal",26.4532037,87.2798255,3.9,80,ChIJMTvm08J17zkRX3knLQ5CVRc,021-590909
Biratnagar,Hotel Mango Tree,"Airport Rd, Biratnagar 56613, Nepal",26.4850711,87.2769683,3.1,15,ChIJwQ65RRt17zkRc9AsCl9nK_w,981-7342044
Biratnagar,Hotel Pacific,"Opposite Of Nepal Airlines Ofiice,Roadcess Chowk, H08, Biratnagar 56613, Nepal",26.4461691,87.2767898,3.6,135,ChIJeWVrB0x07zkR1CAj5JKJpWU,984-2033709
Biratnagar,Panchali Hotel And Lodge,"F7RC+3HJ, Biratnagar 56613, Nepal",26.4902044,87.2713888,3.9,7,ChIJ4-tpG4hz7zkRSTv1If4dg0I,Not available
Biratnagar,OYO 736 Gokulam Resort Pvt. Ltd.,"Gokulam Resort Dulari, Itahari 56705, Nepal",26.6475666,87.2906011,4.3,4,ChIJodtFHNxt7zkRDfmxS-ejTp8,01-4217474
Biratnagar,hotel,"F72C+XPJ, Biratnagar 56613, Nepal",26.4524655,87.2717554,0,0,ChIJRT9kWPd17zkRWopo_5312lw,Not available
Biratnagar,SPOT ON 423 Hotel Zamzam & Restaurant,"Zamzam & Restaurant, Inrwa, Biratnagar, Inaruwa 56710, Nepal",26.6093841,87.157249,3.6,12,ChIJcRE0lAQT7zkRnj55kABl9hg,01-4217474
Biratnagar,Hotel Zam Zam Inaruwa,"J43P+JWW, Inaruwa 56710, Nepal",26.6041648,87.1373252,3.3,43,ChIJVVVVVTkS7zkRdDSvrAu1Hsk,025-561930
Biratnagar,Hotel Zamzam And Restaurant,"J43P+MM2, Inaruwa 56710, Nepal",26.6041541,87.1366459,3.7,34,ChIJ4WeEWY0R7zkR7KyCCfEKtQQ,025-561930
Biratnagar,Krishna Hotel,"F73G+MWV, Mahendra Marg, Biratnagar 56613, Nepal",26.4542289,87.2772969,0,0,ChIJjeCHckZ07zkRxwFOD8GQxSI,Not available
Biratnagar,Namaskar Hotel,"C8GM+RMJ, Majhare 56600, Nepal",26.4270797,87.3341309,3.5,2,ChIJ3_zY1Td37zkR86d0in9dt0g,Not available
Biratnagar,HOTEL ZAMZAM & RESTAURANT INARUWA,"J573+5MP, Mahendra Hwy, Inaruwa 56710, Nepal",26.6129559,87.1542173,4,1,ChIJJZGX-joS7zkRwioY4_DqWGw,985-2041100
Lumbini,Lumbini Five Elements Hotel,"Lumbini Sanskritik 32900, Nepal",27.4724926,83.2865668,4.8,44,ChIJeaO68dSVljkR2BY1HyZx6ls,974-5615725
Lumbini,Hotel Peaceland Lumbini,"Vishnupura Road, Lumbini Sanskritik 32900, Nepal",27.4721642,83.2840063,4.2,219,ChIJnVnyF4WUljkRvelIUuxBlHM,985-7055584
Lumbini,Siddhartha Lumbini Green Resort,"Shivaraj-2 Chandrauta, Nepal",27.6552616,82.8393119,4.3,305,ChIJp2SmNIkBlzkRh0tLs3pqIZU,984-7419260
Lumbini,Lumbini Village Lodge,"Lumbini Market, Lumbini Sanskritik 32900, Nepal",27.470386,83.2850462,4,254,ChIJSUiffIWUljkReBvPI9eB3Bs,071-580432
Lumbini,Lumbini Palace Resort Pvt. Ltd,"Siyari 5, Siddhapur, Dayanagar 32900, Nepal",27.5844296,83.376834,4.1,751,ChIJD8eFzIOPljkRceeIRZNXi3I,985-7018135
Lumbini,"Hotel Citymax international,lumbini NEPAL","GF24+9Q9, Siddharthanagar 32900, Nepal",27.5009667,83.4569926,3.6,123,ChIJNWedJC6aljkRlDr6L1VNjJA,071-526529
Lumbini,Siddhartha Hotel Green Lumbini,"Lamahi 22414, Nepal",27.8744375,82.5131875,4.5,104,ChIJSS8hTAKZlzkR24JTLBhNzIY,082-417072
Lumbini,Buddha Maya Gardens Hotel,"Lumbini sanskritik, Lumbini 32900, Nepal",27.4618551,83.2825058,4,368,ChIJd5dKdpKUljkRJ0n9so72u4U,980-1033114
Lumbini,Lumbini Garden Lodge,"Street No. 1 , Mahilwar Bazaar Lumbini cultural municipality -10, Lumbini 32914, Nepal",27.470383,83.2848707,3.9,239,ChIJtXGgZIWUljkR23MT8J6l4ws,071-580146
Lumbini,"Tiger Palace Resort, Bhairahawa","Tilottama - 15, Siddharthanagar 32904, Nepal",27.5689233,83.4558171,4.5,2357,ChIJqUKWn1qaljkRlcIByu0VUd8,071-512000
Lumbini,Hotel Suramma,"Lumbini Bazar, Lumbini Sanskritik 32900, Nepal",27.4704729,83.2841285,3.5,146,ChIJB8LPYIWUljkRb7kvUTjElJE,071-580314
Lumbini,The Lumbini Hotel & Restaurant,"Gate No 5, Nagarpalika 10, Lumbini Sanskritik 32900, Nepal",27.4676915,83.2847877,4.1,8,ChIJi_PSgHCVljkRnHNl0fkKM1E,982-3905582
Lumbini,Hotel Lumbini Garden New Crystal Pvt. Ltd.,"Mayadevi Temple Rd 16, Lumbini Sanskritik 32900, Nepal",27.468573,83.285164,3.7,138,ChIJHaljn4-UljkRxiDPVUE12XI,071-580145
Lumbini,"Pawan Palace, Lumbini (by Pawan Group of Hotels)","F8V3+H8, Taulihawa Road, Lumbini Sanskritik 32900, Nepal",27.4924353,83.3010251,3.8,529,ChIJtRJY4oSTljkRYuVGVU-B0YE,Not available
Lumbini,Hotel Lacoul,"lumbini, Siddhartha Hwy, Siddharthanagar 32900, Nepal",27.5030791,83.4577715,3.8,419,ChIJ__9vlTGaljkRMmQ3WsF1W2c,071-575575
Lumbini,HOTEL GOLDEN BUDDHA,"SANAPA RUPANDEHI LUMBINI GATE NO 5, Lumbini 32900, Nepal",27.4704801,83.2839593,4.6,29,ChIJWV_TY1-VljkR-Dnhb7BaA4w,986-7015805
Lumbini,Hokke Lumbini,"Lumbini Sanskritik 32914, Nepal",27.4930457,83.2789356,4.3,178,ChIJY65jXW-TljkRvg9JbYoLStI,071-404056
Lumbini,Hotel Central Plaza,"Dhangadi Way, Kiran Khola, Kohalpur 21904, Nepal",28.1979552,81.6613298,4.2,468,ChIJfdtmyxFlmDkR-YjAsqcf9KQ,081-410140
Lumbini,Hotel Ananda Inn,"Vishnupura Road, Lumbini Sanskritik 32900, Nepal",27.4691352,83.2844192,4.1,164,ChIJK9p0UIGUljkR4J6MqEYpgpU,071-580324
Lumbini,NANSC Hotel,"GF44+266, Siddhartha Hwy, Siddharthanagar 32900, Nepal",27.5048991,83.4559831,3.9,552,ChIJB5zt-zCaljkRszKykTXEYFs,071-574376
Lumbini,Bardia Wildlife Resort,"Unnamed Road,, 21800, Nepal",28.4447729,81.238287,4.6,302,ChIJbd6sCzF0ojkR91saBhwLpw8,084-402041
Lumbini,Darcy's International Hotel,"New Bus Park, Darcys Road, Butwal 32907, Nepal",27.6952911,83.4632599,3.8,346,ChIJX3XZdUKGljkRJs1dHgnpS3o,071-553800
Lumbini,Bodhi Redsun,"Basantapur 8, Siddharthanagar 32900, Nepal",27.5083,83.4750439,3.9,860,ChIJJSdUVc-bljkR3d7OK36Z3_k,071-525957
Lumbini,Siddhartha Guest House,"Lankapur, 32914, Nepal",27.4622642,83.2833304,3.4,73,ChIJJbshcZKUljkRE-FLLKbzePc,984-1093618
Lumbini,Lumbini Guest House,"Lumbini 32914, Nepal",27.4693359,83.2846937,3.7,112,ChIJNa6hKSKVljkRFpHT7p1jTIg,984-7031068
Lumbini,Hotel Crown,"VG8V+8C6, F043, Tansen 32500, Nepal",27.8657777,83.5435059,3.9,171,ChIJDdsgb9N-ljkRDImM6NKTl3I,075-522503
Lumbini,Jungle Heaven Hotel And Cottage,"Thakudwara 21800, Nepal",28.447774,81.2388107,4.3,33,ChIJaXu3azB0ojkRNOcQ3zk2SUk,984-8258158
Lumbini,Mirage Inn Pvt. Ltd.,"Mayadevi Temple Rd 16, Lumbini Sanskritik 32900, Nepal",27.46931,83.2848226,3.8,91,ChIJkzothY-UljkR195qQvY_uws,071-580083
Lumbini,Hotel Samriddhi Pvt. Ltd.,"Airport Road, Bhairahawa 32900, Nepal",27.5127257,83.4266296,4.6,27,ChIJ-4Mc8XSbljkRVPoVsxftqLw,976-8379032
Lumbini,De Crown Inn,"MF68+7C2, Tilottama 32907, Nepal",27.6603383,83.4661717,4.7,38,ChIJX902iimFljkR_8Zu8un5lzo,981-9486086
Lumbini,Hotel Ultra International,"Pravat Path, Siddharthanagar 00977, Nepal",27.5193582,83.4554209,5,5,ChIJvVox2CubljkRpYFn3_dDEVQ,071-591921
Lumbini,Hotel Star Holiday,"Belhiya, Siddharthanagar-1, Lumbini Region, Siddharthanagar 32900, Nepal",27.4775576,83.4699222,3.9,75,ChIJW6aDa4OZljkRlhgm5Q8Dl3c,980-2012700
Lumbini,Hotel Kailash Lumbini,"Vishnupura Road Opposite to Gate No:-9, Lumbini Sanskritik Municipality, 32900, Nepal",27.4911677,83.2678633,4.8,355,ChIJxVXyAtuNljkRvAxk_56Oz5k,980-2601768
Lumbini,Hotal kanthak,"Lumbini Market, Lumbini Sanskritik 32900, Nepal",27.4672539,83.2852292,4.4,62,ChIJwX9PY4WUljkRLwqRCvHyBa4,984-7270152
Lumbini,HOTEL ANNAPURNA GARDEN,"Bhagwati Tole Rd 3, Tansen 32500, Nepal",27.8687094,83.5498964,4.5,272,ChIJN70AqCp5ljkRHn6nuhO9DFc,075-522074
Lumbini,Soaltee Westend Premier,"Basudevapur, Bhujhai, Nepalgunj 21900, Nepal",28.0886724,81.6543648,4.3,581,ChIJa8S5XaxnmDkR5zgPpSE6Ems,081-551145
Lumbini,Hotel ORION,"Sunwal 33000, Nepal",27.6030255,83.6385322,4.1,121,ChIJi3o57NgplDkRDv0j-paxTFo,985-7048577
Lumbini,Hotel Manish Mansion ,"Khungai Bazar, Lumbini Kakrahwa Rd, Lumbini Sanskritik 00000, Nepal",27.4515233,83.2594575,4.8,25,ChIJHQI7Z0KVljkR9UG64trx4V0,985-7025518
Lumbini,Lumbini Hokke Hotel,"10, Lumbini Sacred Garden, Sauraha Pharsatikar, Nepal",27.626425,83.37894,0,0,ChIJRwEAAACPljkRdtNZd3ZO-jg,984-9194874
Lumbini,Hotel Buddha Palace Lumbini,"F7PM+9R9, Lumbini Sanskritik 32900, Nepal",27.4859684,83.2846274,3.7,39,ChIJwX9PY4WUljkRas1gMCRYeDU,985-7010311
Lumbini,Hotel Saffron Inn - Bhairahawa,"Buspark Rd 3, Siddharthanagar 32900, Nepal",27.4998076,83.4560078,4.9,25,ChIJzWiulrObljkRYxUgJKkcIjs,985-7058957
Lumbini,LUMBINI BAMBOO RESORT,"F7FM+5P5, Lumbini Sanskritik 32900, Nepal",27.4728868,83.2843658,3.7,27,ChIJEcU444SUljkREoGjXA6AVcw,071-580310
Lumbini,Bardia Tiger Resort,"Thakudwara 21800, Nepal",28.4546141,81.2456161,4.1,206,ChIJJxLsDyR0ojkR_Hbm6MDFEaA,985-8040202
Lumbini,Bhairahawa Garden Resort,"Bhairahawa 05, Siddharthanagar 32900, Nepal",27.5049091,83.4535723,4.5,44,ChIJFQPp-KebljkR7RCVpERs-FE,071-591617
Lumbini,Hotel Doko,"2FQP+PH6, Ghorahi 22400, Nepal",28.0393092,82.4864029,4,241,ChIJpVc6zGSUlzkRxnZXPWlLbrI,082-560398
Lumbini,Galaxy Guest House and Restaurant,"Bank Colony Rd 08, Siddharthanagar 32900, Nepal",27.5114131,83.4511087,4.1,178,ChIJNZ4ekq2bljkRXMucYusixuk,985-7015505
Lumbini,Lumbini Buddha Garden Resort,"Taulihawa Road, Lumbini Sanskritik 32900, Nepal",27.4901238,83.2957287,4.2,243,ChIJmRkaUoKTljkRbY37GVcZMvM,985-1198328
Lumbini,Bardia Forest Resort,"Hattisar Road, Thakudwara 21800, Nepal",28.4481349,81.2387699,4.7,280,ChIJdfKdkOF1ojkRiBycONxenyo,985-8064765
Lumbini,"Hotel paradise Delux (Near Sunauli Border,Nepal)","Belhiya Bus Park, H 10, Belahiya, Nepal",27.4775625,83.4699375,4.5,12,ChIJ_QPCKpuZljkR9Mw-fkMrUlk,094536 50722
Lumbini,Royal Tiger Cottage,"shivapur, Thakudwara 21800, Nepal",28.4348312,81.2336911,4.2,18,ChIJybGdDst1ojkRySWX1mZylJ4,986-8151700
Lumbini,Hotel Airport Center Point ,"Bhairahawa Bus Park, Buspark Rd, Siddharthanagar 32900, Nepal",27.4995915,83.4585687,3.9,51,ChIJt08XxAubljkRJmGYp5ftHA8,984-7032280
Lumbini,Hotel Royal Stupa,"Lumbini Sanskritik 32900, Nepal",27.4690375,83.2869632,3.8,50,ChIJ8SUdj4-UljkRx4yCb4muxeU,071-580239
Lumbini,Hotel The White Lake,"Bartung - Tansen Rd 4, Tansen 32500, Nepal",27.8657244,83.5441267,3.4,250,ChIJp9-1fNN-ljkRG3BOYtD4WKQ,075-520291
Lumbini,Hotel Span,"Tribhuvan Path, Butwal 32907, Nepal",27.6896754,83.4687504,4.2,86,ChIJaUUcG86HljkREPUFILi6yeI,980-2671863
Lumbini,Hotel Da Flamingo,"Butwal 32907, Nepal",27.6694554,83.4626067,4.3,274,ChIJZ05lkGqFljkR96baxuIvoNA,071-420152
Lumbini,Hotel Taj Palpa,"Tundikhel Road, Tansen 32500, Nepal",27.8654268,83.5478562,3.9,129,ChIJgRvqDtV-ljkRL5i3vIAS9eQ,075-522800
Lumbini,Hotel Joshi,"Buspark Rd 3, Siddharthanagar 32900, Nepal",27.4994084,83.4570028,4,214,ChIJrav6rBealjkRXL2n3rcoTyg,071-573686
Lumbini,Hotel Pahuna Ghar,"Dhamboji, Nepalgunj 21900, Nepal",28.0688825,81.6280775,3.8,225,ChIJUQBbGRVnmDkRNqdGPwu1R1E,081-532358
Lumbini,Hotel The Holy Birth,"Hotel The Holy Birth Restaurant, Mayadevi Temple Rd 10, Lumbini Sanskritik 32914, Nepal",27.4689806,83.2855015,3.9,111,ChIJuVVwdo-UljkRZ-yydQF2F20,Not available
Lumbini,Province five hotel,"Devkota chwok, parasi road , jantapath 12, Siddharthanagar 32900, Nepal",27.508295,83.461031,4.7,14,ChIJH8yGrV2bljkR5d3GTf_VM9M,980-6914575
Janakpur,Hotel JanakpurInn,"Ramanand Chowk, Janakpur 45600, Nepal",26.7369042,85.9191377,4.2,146,ChIJvbZLGWlB7DkRNuIyHmqXM8c,041-591317
Janakpur,Hotel Mystic Mithila,"Station Road Shiva Chowk, Janakpur 45600, Nepal",26.7310266,85.9314729,4.5,61,ChIJgdDeHso_7DkRkolHFwh5RZo,970-2669605
Janakpur,Janaki Star Hotel,"Janakpur 45600, Nepal",26.7327861,85.919717,4,30,ChIJG2ssQvpB7DkRoERagHNZ8lM,985-4080119
Janakpur,Mithila Yatri Niwas,"PWJF+V2W, Janakpur 45600, Nepal",26.7320464,85.9219169,4,179,ChIJkYh9_0xB7DkRYS9EkKvWJrY,041-591162
Janakpur,Hotel Welcome,"Shiv chowk, Janakpur 45600, Nepal",26.7299597,85.9295344,3.6,617,ChIJ8_4WdgdA7DkR8BDAhjGNf1w,041-590646
Janakpur,Hotel sara,"Station road, Janakpur 45600, Nepal",26.7306174,85.9312883,3.9,132,ChIJA4YdnRA_7DkR7wHmBHb6j34,981-5880599
Janakpur,Hotel Vrindavan Palace,"beside global ime bank, kadam chowk, Janakpur 45600, Nepal",26.7289445,85.9337584,4.9,276,ChIJXUSYNso_7DkRY6TxUMHj338,982-3900112
Janakpur,Hotel Ram Janaki,"Ramanand Chowk, Janakpur 45600, Nepal",26.7362309,85.9196599,3.7,111,ChIJXVTh7GdB7DkRhcZMx1GYSwM,041-522015
Janakpur,HOTEL CITY PARK,"Opposite to janki medical college, Janakpur 45600, Nepal",26.7406564,85.9239712,3.9,89,ChIJIY29e05r7DkRvcBH-1VsCkg,980-1668777
Janakpur,Hotel Rajdurbar Navrang Resort,"QW8J+MF7, Dhulikhel Sindhuli Bhittamod Rajmarg, Janakpur 45600, Nepal",26.7680565,85.9307959,3.8,506,ChIJMe7eV8UV7DkRgb8WPTTgrA8,980-7820111
Janakpur,Hotel Sita Palace,"PWP9+F99, Janakpur 45600, Nepal",26.7361679,85.9184798,3.4,725,ChIJibh9Gh1A7DkROaZdi61ar0E,041-522642
Janakpur,Anjani Suite,"Hanuman Marg 8, Janakpur 45600, Nepal",26.7334397,85.9206723,4.3,21,ChIJVYb91JdB7DkRpKxjc1KW_xE,985-4030502
Janakpur,Hotel Sita Sharan,"PWC6+GQV, Janakpur 23, Nepal",26.7209528,85.9118649,3.9,805,ChIJab7m2wVA7DkRW0dE5KJ5vTY,985-4027611
Janakpur,Baba Ko Dhaba - Hotel in Janakpur,"Laxminiya Janakpur Dham, 45600, Nepal",26.7769539,85.9339059,3.8,502,ChIJ2ScSQIYV7DkR3sEHofP5Axs,985-4098540
Janakpur,Komal Hotel,"E W, Mahendra Hwy, Mithila 45600, Nepal",26.9291955,85.9565267,4.4,358,ChIJE-21NVEN7DkRrlATxIt87DU,985-4022729
Janakpur,Hotel Manaki International,"Janakpur 45600, Nepal",26.7300738,85.9288975,3.4,492,ChIJw5f6CwdA7DkRMQ3phalb3I0,041-590600
Janakpur,Hotel Perfect Plaza,"PWP9+FV3, Ramanand Chowk 9, Janakpur 45600, Nepal",26.7362301,85.9197594,4.5,351,ChIJo_6f2UlB7DkR7st3FCkQAZM,980-1625121
Janakpur,Hotel Rama,"Janakpur 45600, Nepal",26.7353273,85.9317921,3.6,614,ChIJLWqqDP8_7DkREn3oNnp8ejY,041-520059
Janakpur,OYO 427 Annapurna Banquet Pvt Ltd,"Zeromile, Annapurna Banquet Pvt.ltd, Janakpur 45600, Nepal",26.7227673,85.9159355,3.7,111,ChIJN6Y6qjxB7DkRqsUPtDB9LkI,01-4217474
Janakpur,Hotel welcome,"PWGR+V73, Janakpur 45600, Nepal",26.7271466,85.9406745,3.5,4,ChIJYf_jR6o_7DkRykZjA5-emUs,Not available
Janakpur,Aanand Hotel,"PWMP+95G, Station Road, Janakpur 00977, Nepal",26.7334453,85.9354458,3,97,ChIJkfvSs_4_7DkRS8howhTf8L4,984-4118736
Janakpur,SPOT ON 429 Annapurna Guest House,"Janakpur 45600, Nepal",26.7238877,85.9167185,3.6,205,ChIJV58xOxFA7DkRVwdesxwnrfQ,01-4217474
Janakpur,OYO 766 Hotel Crown Plaza,"Dhulikhel Sindhuli Bhittamod Rajmarg 89, Janakpur 45600, Nepal",26.7259122,85.9158053,3.2,56,ChIJE2E3J89B7DkRjSWMIi8M5BE,Not available
Janakpur,Hotel Annapurna Janakpur,"PWF8+8GP, Janakpur 45600, Nepal",26.7233411,85.9163271,1,3,ChIJhU7eFq1B7DkREaKdh9N3UU8,Not available
Janakpur,Mithila Thali by Chef Santosh Shah,"Ramanand Chowk, Janakpur 45600, Nepal",26.7378046,85.9192648,3.8,566,ChIJ9Tm63txB7DkR8gglYhEBBQo,982-2785000
Janakpur,Shubham Lodge,"Janakpur 45600, Nepal",26.7256823,85.9265831,3.3,142,ChIJpc4bQblB7DkRWFTfB-_-PEc,981-5874198
Janakpur,HOTEL SHREENATH & GUEST HOUSE,"Janakpur 45600, Nepal",26.7309556,85.9241943,4,4,ChIJq6nub5ZB7DkRXqbLEbrzY5s,981-2192371
Janakpur,RIDHI SIDHI HOTEL,"Janakpur 45600, Nepal",26.7271466,85.9406745,5,3,ChIJIWfmn8c_7DkRZTQT_UTQLUk,980-1605172
Janakpur,Hotel City Star,"Shiv Chowk, Janakpur 45600, Nepal",26.729831,85.9290696,3.3,224,ChIJM9UOnwdA7DkRrz2EqzxK8y0,041-590327
Janakpur,Janakpur Guest House,"Bajeshwori Marg, 44600, Nepal",27.7049045,85.3461638,4.5,135,ChIJB9_Bk4IZ6zkRablSs9CXiEk,01-2104132
Janakpur,Hotel sukh sagar,"PWJG+H9H, Janakpur 45600, Nepal",26.7316595,85.9259982,0,0,ChIJVUWwd_FB7DkRAJW67LEeeM4,Not available
Janakpur,"Pukar Hotel & Guest House, Lalgadh","XW8G+6VF, Mithila 45600, Nepal",26.965564,85.9271749,3.3,556,ChIJ58uItL9z7DkRv-xLNfqb0kA,984-2461244
Janakpur,SPOT ON 392 Raju Lodge,"Bhanu Chowk, Bhanu Chowk, 45600, Nepal",26.7312157,85.9323505,4.1,25,ChIJx7XW5_g_7DkRE7SLUHLGhk4,01-4217474
Janakpur,Pawaan Mithila Boutique Hotel,"Mahendra Hwy 4, Bardibas 45700, Nepal",26.9526665,85.9303097,4.2,5,ChIJFzb50spy7DkRvEqQlliRSSE,980-0875204
Janakpur,Hotel Sitasharan,"V2CV+F4M, Dhanusadham 45600, Nepal",26.8712,86.0428,2.8,6,ChIJzXxSVQUR7DkR1mozXtvZkoM,985-4027677
Dharan,Hotel Gajur Palace - Hotel in Dharan,"Dharan 56700, Nepal",26.8059534,87.2844111,4,326,ChIJUxMueZdB7zkRSUSm-mlenFA,980-2045061
Dharan,Nepalirika Hotel,"M97H+47G, Koshi Haraicha 56600, Nepal",26.6642894,87.3805141,4.4,265,ChIJWQpz57Fv7zkRRgUjIkKLpZc,021-545212
Dharan,Gorakha Hotel Pvt. Ltd,"M78C+PV8, Itahari - 6, NTC Rd, Itahari 56705, Nepal",26.6638631,87.2737292,4.2,128,ChIJ85EBP5Zt7zkRGoyil5X-sKI,025-582311
Dharan,Soaltee Westend Itahari,"M7MF+682, H08, Itahari 56705, Nepal",26.6830469,87.2731094,4.4,77,ChIJVZAuVbdr7zkRGIQz_uakhW4,025-590317
Dharan,OYO 590 Hotel Star Purwi,"Hotel Star Purwi, Chatara Line, Dharan 56700, Nepal",26.8166958,87.2820445,4,202,ChIJcyfLn6tB7zkRfpbYdEIpBys,981-7302498
Dharan,New Dreamland Hotel & Lodge,"Dhankute Road, Dharan 56700, Nepal",26.8132568,87.2752391,3.5,256,ChIJb6SZlKZB7zkROdbvv0kbwXk,025-575024
Dharan,"Royal Resort, Itahari","H08, Itahari 56705, Nepal",26.6833803,87.2738506,4.2,274,ChIJ76RmJI9r7zkR784IBjxdwAU,985-2066332
Dharan,Hotel Nava Yug,"Deshi Line, Dharan 56700, Nepal",26.8115502,87.2856904,3.6,183,ChIJF8jpSJlB7zkR4OXnN8f0i_g,025-574797
Dharan,Hotel Verandah,"Central Plaza, Level 6, Itahari 56705, Nepal",26.6632634,87.2750428,4.1,297,ChIJ-YA833ht7zkRSZHeGn7ps4w,025-589303 ext. 589404
Dharan,Hotel The Ratna Inn,"Binayak Path, Dharan 56700, Nepal",26.8089944,87.2829595,3.6,290,ChIJZYd2YJhB7zkRt0insag71P8,025-578397
Dharan,Hotel Maden Inn,"press, Mahendra Hwy, Itahari 56705, Nepal",26.6632393,87.2786824,4.1,153,ChIJ-_kyKWFt7zkRz3tk5KSa3Fc,986-0691563
Dharan,Hotel Dharan Kitchen,"Dasharath Marg, Dharan 56700, Nepal",26.8048677,87.2897002,3.7,92,ChIJmVWIepFB7zkRJhLGeofAWZE,025-532580
Dharan,Namaste Resort,"haran-4, Bhedetar, Dharan 56804, Nepal",26.8543958,87.3193563,4,64,ChIJUTMs8WdD7zkRTkj-NUVqwY8,01-4217474
Dharan,Dharan Golf Club,"R74C+HR6, BPKISH, Dharan 56700, Nepal",26.8064143,87.2720003,3.9,123,ChIJ3TyUVqVB7zkRskvW2mKFSeI,025-525555
Dharan,Hotel Edingo Inn,"Sangeet Chowk, Itahari 56705, Nepal",26.6643886,87.2762975,4.7,21,ChIJr3rpWatt7zkRDnEcWJbvhds,025-590724
Dharan,"Hotel Ambassador (Lodge, Restaurant & Bar)","Dharan-13, Zero Point, Amar Pravi Marg, Dharan 56700, Nepal",26.8315728,87.2887783,3.3,29,ChIJSer0oPJB7zkRX5ibDxV2apo,025-525297
Dharan,Guru Hotel And Lodge,"Kirat St, Itahari 56705, Nepal",26.6644757,87.2772584,4.2,119,ChIJe2VwGLht7zkRAFyQA0Hwp5M,984-2035772
Dharan,Hotel Murchunga Int'l Pvt. Ltd.,"X8HV+PWG, Dhankuta 56800, Nepal",26.9793046,87.3448327,4.3,12,ChIJM7gjgldP7zkRc4lS_PlqT8w,026-522196
Dharan,Hotel Majestic,"V83F+VJC, Bhedetar - Rajarani - Rabi - Ranke, Bhedetar 56804, Nepal",26.8546827,87.3240154,3.8,205,ChIJdai55Y1D7zkRx4VwQfwTtRE,025-400032
Dharan,SPOT ON 601 Hotel Buddha Inn,"Buddha Inn Rajarani Road, Bhedetar, Dharan 56804, Nepal",26.8579234,87.3211672,3.3,78,ChIJtRof_m5D7zkRRQwDZIJ3d9c,Not available
Dharan,Hotel Aangan,"Putali line, Dharan 56700, Nepal",26.8121836,87.2799464,3.7,71,ChIJYwWVSqFB7zkRyR2LzxVewWo,025-570640
Dharan,Hotel Kanchanjunga,"R73Q+85M, Koshi Hwy, Dharan 56700, Nepal",26.803321,87.2878943,3.5,220,ChIJ95Tt8pVB7zkR7S0zmtsXLeE,025-577411
Dharan,OYO 377 Hotel White Dove,"Putali line, Dharan 56700, Nepal",26.8135617,87.2752999,3.8,80,ChIJXcjanb1B7zkRTJW6fBY0xCg,01-4217474
Dharan,OYO 367 Hotel Easy Riders,"पुतली लाइन, Dharan 56700, Nepal",26.8076738,87.2966686,3.7,221,ChIJdxtxCoZB7zkRhxFuekzydQM,01-4217474
Dharan,Capital O 435 Hotel Intourist Palace,"Lotus Galli, Itahari 56705, Nepal",26.6635477,87.2763552,4.3,212,ChIJ12nuQDZt7zkRrr66NpC61ME,01-4217474
Dharan,TEC Resort & Bar (Group of Exotic Family ),"devithan, Bhadetar - 8, Bhedetar 56800, Nepal",26.8536228,87.3191295,4.9,368,ChIJISKogx1D7zkROgNY8snHyng,976-5483871
Dharan,SPOT ON 471 Namuna Hotel And Lodge,"Namuna Hotel and Lodge Koshi Hwy, Bhedetar, Dharan 56804, Nepal",26.8777497,87.3315718,4.5,35,ChIJ2wx58VdF7zkRQJ-aufoL6aQ,01-4217474
Dharan,Janahit Guest House,"Dharan 56700, Nepal",26.8152769,87.2763654,3.6,37,ChIJ36zaLqdB7zkR3vR9P9u9E_o,025-523196
Dharan,Hotel Arun Valley,"V85C+3J2, Bhedetar 56804, Nepal",26.8576295,87.3215177,3.6,176,ChIJT2fL0oxD7zkRUTx00j5JGXc,025-400009
Dharan,Yara Hotel,"Hamro Bato, Itahari 00977, Nepal",26.6601613,87.2743613,3.4,104,ChIJ6_nCtjJt7zkRspdxk-5XZF8,025-581733
Dharan,OYO 475 Hotel Eastern Palace Pvt Ltd,"Dharan line 556, Itahari 56705, Nepal",26.6674981,87.2772087,4.2,6,ChIJr92xco5t7zkR8MBMe7QtQ-o,01-4217474
Dharan,SPOT ON 551 Hotel Changhim And Lodge,"Sangurigadhi, Bhedetar, Dharan, Bhedetar 56804, Nepal",26.8599856,87.3264588,3.6,8,ChIJJYB-1Z5D7zkRQwQNp13Y9Es,01-4217474
Dharan,Hotel Himalaya,"V83G+H45, Bhedetar - Rajarani - Rabi - Ranke, Dharan 56804, Nepal",26.8538368,87.3253709,3.7,85,ChIJNQkfho1D7zkReApYASm_lEE,025-400028
Dharan,Hotel swastik and lodge,"NTC Rd, Itahari 56705, Nepal",26.6641206,87.2703896,4.6,11,ChIJ53_cau1t7zkR4x1N5y0N_a8,980-7845443
Dharan,OYO 736 Gokulam Resort Pvt. Ltd.,"Gokulam Resort Dulari, Itahari 56705, Nepal",26.6475666,87.2906011,4.3,4,ChIJodtFHNxt7zkRDfmxS-ejTp8,01-4217474
Dharan,Pathibhara Hotel,"Biratnagar Line, Bista Complex, Itahari 56705, Nepal",26.6585852,87.274946,3.7,508,ChIJyTypLWls7zkR1KW3JLGwb-E,025-586842
Dharan,OYO 329 Hotel Utsav,"Itahari Milan Chwok (137.78 mi, Itahari 56705, Nepal",26.6598796,87.2850633,4,134,ChIJT4rLBz9t7zkRt9gQ8Ev5uy4,01-4217474
Dharan,Hotel Swad Pvt Ltd,"Mahendra Hwy, Koshi Haraicha 56600, Nepal",26.6693559,87.3824011,4.4,128,ChIJ-fEo7K1l7zkRynMbmy0kEOo,021-547059
Dharan,Premier Hotel,"Dharan Line 6, Itahari 56705, Nepal",26.6650958,87.2739223,4,110,ChIJr13mF5Ft7zkRDJ9CRRFNXwo,025-588540
Dharan,SPOT ON 441 Dreams Hotel And Inn,"Bhedetar - Rajarani - Rabi - Ranke, Bhedetar 56804, Nepal",26.8548007,87.3238836,3.6,105,ChIJxUB0b51D7zkRM1Kv1P2oWPE,01-4217474
Dharan,Ganga jamuna hotel,"Koshi Rajmarga, Itahari 56705, Nepal",26.6653684,87.2633737,3.8,314,ChIJNU6MOX1s7zkRvWjMskiA8Wg,985-2081527
Dharan,RR HOTEL,"M76G+425 Golden chowk, Itahari 56705, Nepal",26.660302,87.2750633,3.5,24,ChIJkS7e8vNt7zkRfHtAAef8-BA,982-9334400
Dharan,Hotel Tuki Restaurant and Lodge,"Koshi Hwy, Itahari 56705, Nepal",26.6669274,87.2744819,4.4,42,ChIJl5lO1u5t7zkRWDy3mVIL20k,Not available
Dharan,City Guest House & Family Restaurant,"8, City Safari Line, New Bus Park Nepal, Itahari, Nepal",26.6627681,87.2628208,3.1,31,ChIJZf8C7GJs7zkRuKt7CrBNjXY,985-2032962
Dharan,OYO 500 Can Hotel And Lodge,"Can hotel and lodge, Aitabare Path, Itahari 56705, Nepal",26.66521,87.2737951,3.5,23,ChIJ9Ymb3YVt7zkR5RlZeAJVU4g,01-4217474
Dharan,SPOT ON 592 Lds Makalu Guest House,"Dhankuta Bus Station, Dharan Dhankuta Rajmarga, Dhankuta 56800, Nepal",26.9703512,87.3435013,3.7,31,ChIJ-Rw5-XRP7zkR0zSCqd34Z7I,01-4217474
Dharan,OYO 328 Premier Hotel Lounge And Restaurant,"Bhimphedi Buspark, Tribhuvan Rajpath, Itahari 56705, Nepal",26.6881997,87.271781,4.3,6,ChIJfdtHC7hr7zkRlqkpKRrrpLs,01-4217474
Dharan,OYO 354 Sumeru Hotel And Lodge,"55 Dharan buspark, Itahari, बिराटनगर 44600, Nepal",26.6649343,87.2749544,3.6,39,ChIJMaUg2Ett7zkRvCn5jxKJc8I,01-4217474
Dharan,SPOT ON 459 Hotel Diyalo Inn,"Hotel Diyalo Inn, Lotus Galli, Itahari 56705, Nepal",26.66315,87.278083,2.8,21,ChIJjYfry4Vt7zkRDHqUfTiVBnQ,01-4217474
Dharan,Hotel Intourist Palace,"Itahari Sangeet Chowk, Itahari 56705, Nepal",26.6635777,87.2766401,0,0,ChIJaS-zYlZt7zkRfRDt4_Q6Vz4,974-2290180
Dharan,Suravi Lodge,"X8CV+XFF, Hulak Tole & Thadobazar Street, Dhankuta 56800, Nepal",26.9724472,87.3436484,3.4,61,ChIJbyjXK51P7zkR-6dXg6CvhLg,Not available
Dharan,Hotel Zam Zam Inaruwa,"J43P+JWW, Inaruwa 56710, Nepal",26.6041648,87.1373252,3.3,43,ChIJVVVVVTkS7zkRdDSvrAu1Hsk,025-561930
Dharan,OYO 665 Pashupati Guest House,"Itahari 56705, Nepal",26.6636009,87.2703783,3.2,51,ChIJjwpjR2Vs7zkRW6AeziyVY_U,025-584630
Dharan,Welcome Guest House,"M77G+Q5P, Koshi Hwy, Itahari 56705, Nepal",26.6644502,87.275457,3.8,16,ChIJFV_EIW5s7zkRXvsCP7CuL_s,Not available
Dharan,OYO328 Premier Hotel Lounge & Restaurant,"Aitabare Path Itahari Province 1, 56705, Nepal",26.6665586,87.2731262,0,0,ChIJr-y0Q3Bs7zkRTvwvJxzJghU,01-4217474
Dharan,Koshi Tappu Bird Watching Camp Pvt. Ltd.,"Mahendra Hwy 3, पश्चिम कुशाहा 00977, Nepal",26.6599205,87.4132848,4,3,ChIJ-f7838hl7zkR0xi1EA8LYN8,980-7368484
Dharan,SPOT ON 423 Hotel Zamzam & Restaurant,"Zamzam & Restaurant, Inrwa, Biratnagar, Inaruwa 56710, Nepal",26.6093841,87.157249,3.6,12,ChIJcRE0lAQT7zkRnj55kABl9hg,01-4217474
Dharan,Hotel Zamzam And Restaurant,"J43P+MM2, Inaruwa 56710, Nepal",26.6041541,87.1366459,3.7,34,ChIJ4WeEWY0R7zkR7KyCCfEKtQQ,025-561930
Dharan,Deluxe Twin,"M77F+G69 Sangeet Chowk, Itahari 56705, Nepal",26.663781,87.2731165,0,0,ChIJnXrwwm9s7zkRvi3A8W8bs3Y,974-2290180
Dharan,Okhaldhunge hotel/ Tent house and catering,"M75G+R4W, Itahari 56705, Nepal",26.659611,87.2753363,5,1,ChIJFxBv3_1t7zkR_rlgT0nTRvU,984-9205660
Butwal,Siddhartha Cottage Butwal,"Milanchowk Butwal, Butwal 32907, Nepal",27.6871575,83.4647161,3.9,807,ChIJ23Rqj4eGljkRLeqNpYHbelU,071-533140
Butwal,Hotel Palm International,"Milan Chowk - 9, Butwal 32900, Nepal",27.6925397,83.4641978,4.3,221,ChIJPVLXyJ-HljkRF2vFq980unE,071-532057
Butwal,Hotel Da Flamingo,"Butwal 32907, Nepal",27.6694554,83.4626067,4.3,274,ChIJZ05lkGqFljkR96baxuIvoNA,071-420152
Butwal,Dream International Hotel,"kalikapath, Butwal 12486, Nepal",27.6906287,83.4626892,4.6,206,ChIJyWZMheuHljkRCu_N9R7R9hI,985-7085935
Butwal,Darcy's International Hotel,"New Bus Park, Darcys Road, Butwal 32907, Nepal",27.6952911,83.4632599,3.8,346,ChIJX3XZdUKGljkRJs1dHgnpS3o,071-553800
Butwal,De Crown Inn,"MF68+7C2, Tilottama 32907, Nepal",27.6603383,83.4661717,4.7,38,ChIJX902iimFljkR_8Zu8un5lzo,981-9486086
Butwal,Hotel Everest Inn,"Sukhhnagar, Shukra Path, Butwal 32907, Nepal",27.6872353,83.4661209,4.4,19,ChIJv5EY5eqHljkR_lhFWpqxmWo,985-7086653
Butwal,Amrapali Cottage and Restaurant Pvt. Ltd.,"Butwal 32907, Nepal",27.6861664,83.4706636,3.8,541,ChIJUTlQnIiGljkRUdAOhFrTsz8,980-1341001
Butwal,Hotel Span,"Tribhuvan Path, Butwal 32907, Nepal",27.6896754,83.4687504,4.2,86,ChIJaUUcG86HljkREPUFILi6yeI,980-2671863
Butwal,Hotel Avenue,"Golpark, Butwal 32907, Nepal",27.715772,83.4660091,4.2,83,ChIJbxD9kJOHljkRKYhrvs_sVPc,Not available
Butwal,Hotel Royal Chautari,"Buddha Path, Butwal 32907, Nepal",27.7011377,83.4667981,4.5,40,ChIJleV5hymHljkR80npK8l0sH8,071-530286
Butwal,Hotel Sai Aman,"New Bus park, Butwal 32900, Nepal",27.6934919,83.4648194,4.6,19,ChIJIXWUEV6HljkRoGmZwlOWnZQ,970-2654571
Butwal,Hotel Annapurna and Guest House,"Butwal Sub-Metropolitan, New Buspark, Butwal, Nepal",27.6933322,83.4648445,3.6,53,ChIJVVWVll6GljkRxhZpnlrW4fg,071-534892
Butwal,Dreamland Gold Resort & Hotel,"Tilottama - 5, Manigram, Rupandehi, Butwal, Tilottama 32903, Nepal",27.6210549,83.4710435,4.1,1179,ChIJY8dmDfuEljkRyAkkZ28RdpE,071-560171
Butwal,Hotel New Era,"Butwal Bus Park, Kalikapath, Rupandehi, Lumbini, Butwal 32907, Nepal",27.6961181,83.4630148,3.7,276,ChIJ4w4ix2GGljkRDpkczcCHTmQ,071-535654
Butwal,Shahi Land Hotel,"Shahi Land Hotel, Butwal 32907, Nepal",27.6835832,83.4470531,4.6,15,ChIJO_2sSmyHljkRaQQs48oi7AU,974-8819050
Butwal,Hotel The Yarsha Butwal,"Butwal 32907, Nepal",27.6906277,83.4653141,4.5,95,ChIJH_ONxbyHljkRamnZvN0k3-U,986-7134036
Butwal,Madhukunda Homestay,"Tilottama 32907, Nepal",27.6622273,83.4597104,3.8,54,ChIJb8_Vzs2FljkRFrNKeqpURtk,071-420375
Butwal,Dream view hotel pvt ltd,"Purano Sadak, Tilottama 32903, Nepal",27.6475261,83.4675015,5,4,ChIJPRIsM9eFljkRkuRy40v4Qhc,986-7890855
Butwal,Club Denovo,"Kalika Nagar 11, Butwal 32907, Nepal",27.6836508,83.4612076,4,758,ChIJLz2uMXyGljkRN9Um5jjjQg0,071-438885
Butwal,Aramba Resort Nayagaun Butwal,"Aramba Resort Nayagaun, Butwal, Nepal",27.6805404,83.4095413,3.8,178,ChIJEzehU6mIljkRDw_n0QXjPLw,985-7072355
Butwal,Manigram Bishram Batika Pvt. Ltd.,"Tilottama-05, Butwal 44600, Nepal",27.6275503,83.473045,4.3,143,ChIJp4_LHXuFljkRB7LPlhkNzss,980-2699681
Butwal,ASIAN HOTEL BUTWAL,"lumbini path, Butwal 32907, Nepal",27.6701728,83.4650517,3.8,326,ChIJVxaBpSyEljkRh_QI55ya0ic,Not available
Butwal,Everest international deluxe hotel,"E W, Mahendra Hwy, Butwal 32907, Nepal",27.6873608,83.4323375,5,8,ChIJ_____w-GljkRQEv99gqSp-Q,Not available
Butwal,Hotel Rosewood,"Traffic chowk, Butwal 32907, Nepal",27.6994645,83.4659386,4.3,27,ChIJ0-JJSIGHljkRExwXO-gTiwo,071-535009
Butwal,Rose Guest House,"Butwal 32907, Nepal",27.6722809,83.4644512,0,0,ChIJhdLeRwCFljkRToerXk_7WK8,071-438555
Butwal,Hotel Indreni,"Butwal 32900, Nepal",27.7035239,83.4670791,4.4,94,ChIJ4y6xt46HljkRXL3ghFsvE4g,071-535525
Butwal,Hotel Ozone 24,"Kalika Path, Butwal 32907, Nepal",27.6957531,83.4631106,4.6,84,ChIJmeKe5XqHljkRITJNcnsS82Y,071-532497
Butwal,Maharaja Resort Pvt. Ltd,"MFF6+W4F, Butwal 32907, Nepal",27.6753594,83.4607568,4.1,392,ChIJn05QYIuFljkR-azxmU2jag8,071-415347
Butwal,Lumbini Palace Resort Pvt. Ltd,"Siyari 5, Siddhapur, Dayanagar 32900, Nepal",27.5844296,83.376834,4.1,751,ChIJD8eFzIOPljkRceeIRZNXi3I,985-7018135
Butwal,OYO 727 The Chulo Hotel,"The Chulo Hotel, Mahendra Hwy, Butwal 32907, Nepal",27.6983297,83.4519251,4.3,53,ChIJaxf7XqSHljkRv4oUbw7MSnA,071-591914
Butwal,Hotel ABC,"MFPF+9WR, Butwal 32907, Nepal",27.6859809,83.4747669,3.6,23,ChIJZf0c1Q2HljkRXhQdk75GirA,984-6945500
Butwal,Capital O 661 Hotel Delbia,"Hotel Delbia, Traffic Chowk, Butwal 32907, Nepal",27.7015643,83.4664303,3.9,82,ChIJFTQG0Y6HljkRqnm3E6cKCRs,981-0346667
Butwal,Hotel Tulip Pvt Ltd,"Driver Tole, Nar and Malla Path, Tilottama 32907, Nepal",27.6481581,83.4665278,4,251,ChIJKQHb1yOFljkR_NDheoRAQ7s,071-414701
Butwal,"Tiger Palace Resort, Bhairahawa, Lumbini, Nepal","Tilottama - 15, Siddharthanagar 32904, Nepal",27.5689233,83.4558171,4.5,2357,ChIJqUKWn1qaljkRlcIByu0VUd8,071-512000
Butwal,Hotel Sindoor Pvt. Ltd.,"MFX7+FF7 Lumanti Butwal Field Office, Butwal-08, Butwal 32907, Nepal",27.7005856,83.4638129,3.7,160,ChIJe55jGmCGljkR96sKPPQCtuA,071-530381
Butwal,OYO 725 Hotel Prime International,"East-West Highway, Butwal 32900, Nepal",27.6836424,83.3879751,4.4,33,ChIJhek18YWJljkRm54E7sBDXt4,985-1233599
Butwal,Hotel Himalayan Yak,"Butwal 32907, Nepal",27.6839134,83.4623004,3.7,27,ChIJo7i4vDWHljkRUZ7We8hU_rI,980-2548923
Butwal,Bhairav Village Farm,"Bhairabsthan, Palpa 32500, Nepal",27.8748249,83.4829505,4.5,271,ChIJFeZXa417ljkRd62LXeLt1kg,980-3423249
Butwal,Hotel Brindaban,"Maitri Path, Butwal 32907, Nepal",27.698568,83.466729,3.4,248,ChIJ8y-m_IqGljkRigqcIq5h18s,071-503261
Butwal,The Butwal View,"H10, Butwal 32907, Nepal",27.667703,83.4644741,3.7,51,ChIJk_orLy2EljkR-a8as7B5aGQ,071-438529
Butwal,Galaxy Guest House and Restaurant,"Bank Colony Rd 08, Siddharthanagar 32900, Nepal",27.5114131,83.4511087,4.1,178,ChIJNZ4ekq2bljkRXMucYusixuk,985-7015505
Butwal,Namo Buddha international hotel,"MFV7+V2Q, Unnamed Road, Butwal 32907, Nepal",27.6947109,83.4627115,3.8,17,ChIJCchmaJ6HljkRTFjPJjpFBqk,071-545150
Butwal,SPOT ON 565 Hotel Park Plaza And Restaurant,"East-West Highway, Butwal 32907, Nepal",27.6948313,83.4632214,3.6,46,ChIJ5wks92GGljkRHkTqSHXWlts,071-543236
Butwal,Hotel Shubharatri,"Tinau path, new buspark, Butwal 32907, Nepal",27.6957465,83.4624397,4.3,30,ChIJjWjH2jiHljkRdgtcusRQGXE,984-0954464
Butwal,Hotel the Mirror Inn,"Behind ,Buspark, Mahendra Hwy, Butwal 32907, Nepal",27.6943473,83.4630355,3.6,104,ChIJU7xQ82GGljkRO2VxySfkJqE,071-538252
Butwal,Siddhartha Vilasa,"Siddharthanagar 32900, Nepal",27.5292833,83.4520046,4.5,150,ChIJA8tWoZGbljkRc9_pTelh5is,985-7049303
Butwal,Mankamana Resturant and lodge,"New Buspark 10, Butwal 32900, Nepal",27.6933946,83.4648194,4.8,6,ChIJgZCYS0qHljkRkKT6Mk9KsZI,986-7215850
Butwal,Hotel Samriddhi Pvt. Ltd.,"Airport Road, Bhairahawa 32900, Nepal",27.5127257,83.4266296,4.6,27,ChIJ-4Mc8XSbljkRVPoVsxftqLw,976-8379032
Butwal,Hidden Palace Pvt. Ltd.,"Siddharthanagar 32907, Nepal",27.603048,83.4723527,4.1,146,ChIJ5WymK8yFljkR5JiZTU600o8,071-560583
Butwal,NANSC Hotel,"GF44+266, Siddhartha Hwy, Siddharthanagar 32900, Nepal",27.5048991,83.4559831,3.9,552,ChIJB5zt-zCaljkRszKykTXEYFs,071-574376
Butwal,OYO 538 Hotel Castle,"Siddhartha Hwy, Siddharthanagar 32900, Nepal",27.4981746,83.4587426,3.6,79,ChIJN5zoHzGaljkRlhs-ZJB5TGA,Not available
Butwal,Horizon Homestay,"Bhagwati Tole Rd 3, Tansen 32500, Nepal",27.8696107,83.5475175,4.5,86,ChIJk2P65ip5ljkRzDJ2OhH6Rls,984-7021089
Butwal,Hotel Dahlia,"Mahadevi Rd 09, Butwal 32907, Nepal",27.6779304,83.4627039,4.1,33,ChIJueTS48WHljkRS5AFkfdZ5-E,071-438464
Butwal,Diyalo Hotel,"PF37+69R, Nepalgunj Road,OldBuspark, Butwal 32907, Nepal",27.7031054,83.4633872,3.7,159,ChIJ-ysFnF-GljkR3UbNN4p7ic8,071-530762
Butwal,The SR Hotel,"Shankar Tower, Tilottama-1, Tilottama 32907, Nepal",27.6446477,83.4694564,4.1,202,ChIJNzKkCfmFljkRE3Wi6gMMID8,071-590502
Butwal,Hotel Sweet Dream,"MFV7+H65, Unnamed Road, Butwal 32907, Nepal",27.6938982,83.4631249,3.4,31,ChIJxwPq1_eHljkRhQiuI5wVr4Q,985-7028714
Butwal,Hotel Lacoul,"lumbini, Siddhartha Hwy, Siddharthanagar 32900, Nepal",27.5030791,83.4577715,3.8,419,ChIJ__9vlTGaljkRMmQ3WsF1W2c,071-575575
Butwal,Hotel Barshana,"yogikuti, Tilottama Path 3, Butwal 32900, Nepal",27.6672472,83.4646093,4.4,8,ChIJw9C5AyuHljkRkbVGy1m44Js,071-437122
Bharatpur,Bharatpur Garden Resort,"MCPH+Q68, Bharatpur 44200, Nepal",27.6871543,84.4276973,4.1,1118,ChIJV3aOlNf6lDkR5u7yiZKWn2Y,056-517741
Bharatpur,Chitwan MidTown (CMT) Resort,"Bharatpur 44207, Nepal",27.6703863,84.4368732,4.1,490,ChIJ8UfCGNX6lDkRkb0Ml9coH1w,056-490403
Bharatpur,"Vivanta Chitwan, Bharatpur","CG Landmark, Opp Birendra Campus, Bharatpur 44200 Tel 056, Bharatpur 44200, Nepal",27.6867095,84.4284451,4.4,630,ChIJ4daLsn77lDkRkJQpzik0hqg,056-512300
Bharatpur,Paris Guest House - Chaubiskoti,"Chowbis koti, Bharatpur 44220, Nepal",27.6831467,84.4323357,4.6,78,ChIJ8RC_JSn7lDkRpRUnsTl_l38,986-0901187
Bharatpur,Hotel Gulmohar,"Milan Chowk, Bharatpur 44200, Nepal",27.6687986,84.4427349,4.8,13,ChIJeQRe7szllDkRgvqbZhMe9dE,056-494814
Bharatpur,Central Palms Hotel,"MCV8+7JJ Central Palms Hotel, Bharatpur 44207, Nepal",27.6921179,84.414102,3.9,533,ChIJe7i-UBT7lDkRxZ2ZTDX7IYE,056-572071
Bharatpur,Hotel Royal Century,"Bharatpur Height, Bharatpur Muncipality, Chitwan, Nepal",27.688396,84.4274974,4,928,ChIJa9aidDr7lDkRIXHOD9N0cLo,056-515865
Bharatpur,OYO 483 Hotel Atithi Home,"Narayani River Side, Mahendra Hwy, Bharatpur 44200, Nepal",27.6983083,84.4214763,3.7,155,ChIJ25SHQY_5lDkRnIAIb6CmNaw,Not available
Bharatpur,Siraichuli Hotel,"E W Lions Chowk, Mahendra Hwy, Bharatpur 44207, Nepal",27.6882468,84.4254752,4.5,651,ChIJQ1bk-9L7lDkRhgbBO6auWRI,056-590005
Bharatpur,Hotel Happy Home,"Kamalnagar, Pulchowk, Narayangharh, Bharatpur 44200, Nepal",27.6933946,84.4209009,3.8,147,ChIJS0JtGj_7lDkRZdPULhjzPEs,985-5050688
Bharatpur,Chitwan Forest Resort,"Sauraha, Bachhauli - 2, Chitwan National Park, Nepal 32909, Nepal",27.5816631,84.4936944,3.9,322,ChIJOT2pcOLulDkRk2oi_eyk02U,056-580052
Bharatpur,Hotel Kavya Inn Chitwan,"Sital Chowk 8, Bharatpur 44200, Nepal",27.6557976,84.4363919,4.7,29,ChIJa0AFm8z6lDkRdxhr3N6xGc0,981-8979797
Bharatpur,River Park International Resort,"National Park Tharu Village, Baghmara Road, Ratnanagar 44200, Nepal",27.5971851,84.4868316,4.3,148,ChIJ9TeL2Q7vlDkRn7I1z8VU1Ro,985-1169724
Bharatpur,Jungle Safari Lodge,"HFHV+9Q3, 113, Ratnanagar 44200, Nepal",27.5783869,84.4941887,3.8,542,ChIJV0xFsePulDkRMJtRK51ekac,056-580046
Bharatpur,Galaxy Garden Resort Pvt. Ltd.,"Yagyapuri Bharatpur-04, 44200, Nepal",27.6714257,84.3986695,4.5,44,ChIJdy0Vr9_7lDkR_BLFT2RLeU4,985-5029913
Bharatpur,Hotel Opera,"New Rd, Bharatpur 44200, Nepal",27.6964346,84.4195856,4.1,40,ChIJ8xs2ZX77lDkRXZMgDfU-S6s,056-595170
Bharatpur,Sunrise Hotel,"Milan chowk, Bharatpur 44200, Nepal",27.6696316,84.4428099,4.4,5,ChIJuyucGJfllDkRXRnOMyi2cto,986-0501224
Bharatpur,Bharatpur Town Residency Hotel,"Rhino Taal Rd 11, Bharatpur 44207, Nepal",27.6810384,84.4404321,4.1,56,ChIJeaXcyijllDkR_wR3fJlsQ34,056-590429
Bharatpur,Hotel Global,"Mahendra Hwy, Bharatpur 44207, Nepal",27.6822042,84.431209,3.6,601,ChIJxWL_Wy77lDkR92XX0HOX2YI,056-515513
Bharatpur,Ashoka Resort Pvt. Ltd,"Bharatpur - 29, Bharatpur 44200, Nepal",27.7781896,84.4536302,4,134,ChIJHXMoj67jlDkRI6PiOJ48fyg,981-3252214
Bharatpur,Hotel Jungle Crown,"Tigerpoint, Baghmara Sauraha Chitwan National Park, Baghmara Road, 00977, Nepal",27.5914026,84.4846681,4.3,573,ChIJg8X4cgbvlDkRKhv0-hD-t2g,056-580449
Bharatpur,Tiger Residency Resort,"HFHX+4GW, Ratnanagar 44200, Nepal",27.577696,84.4987995,4.4,367,ChIJE5f44uDulDkR9ddRhM9u3Vw,056-580053
Bharatpur,Peacock : a family-run hotel,"Main Street, Ratnanagar 44200, Nepal",27.5804336,84.4940756,4.8,633,ChIJhdVzZuLulDkRb18CdoEJppI,982-4260366
Bharatpur,Hong Qi Hotel,"HFM9+5m, Baadreni Road, Bharatpur 44204, Nepal",27.5829203,84.4690119,3.9,41,ChIJ89J_Z-zvlDkR3VpOLB-68Jk,056-593221
Bharatpur,Landmark Forest-Park,"Paryatan Margh, Chitwan National Park, Nepal, Baghmara Road 44200, Ratnanagar 00977, Nepal",27.5877509,84.4842562,4.2,938,ChIJ19ZltgbvlDkR9bPoFBc9uh4,056-580311
Bharatpur,Safari Adventure Lodge,"Baadreni Road, Ratnanagar 44200, Nepal",27.584576,84.472895,4.1,126,ChIJs5ftsePulDkRgfYP7u0GMCc,056-580001
Bharatpur,Green Park Chitwan,"Tiger Point , Baghmara Chitwan National Park, 44200, Nepal",27.5912717,84.4858852,4.6,1087,ChIJPV473wXvlDkRBiAlbgCpvu0,056-580510
Bharatpur,Happy Lemon Tree Lodge,"Badreni Road, 44200, Nepal",27.5809707,84.4905929,4,151,ChIJ2ezvXf3vlDkR1K52ITdh_k0,984-5500576
Bharatpur,Chitwan Riverside Resort,"HFMQ+8PR Elephant Junction, Baadreni Road, Ratnanagar 44204, Nepal",27.5820426,84.4886169,4.2,314,ChIJHUBcn8DqlDkR-FCwBK9cQ1U,985-5086291
Bharatpur,Tiger corner inn,"HGG3+52X, Ratnanagar 44200, Nepal",27.5754759,84.50264,4.7,66,ChIJ1e1dDOzvlDkRpdMdVVjDTZ4,980-7228041
Bharatpur,Hotel Disney,"New Rd, Bharatpur 44207, Nepal",27.6952708,84.4184074,4,83,ChIJs43_fnf7lDkRA7eDMxs9R24,056-595603
Bharatpur,Lake Twenty Thousand Farm and Retreat (LTK),"West, Haweli, Devnagar/Champanagar, Bharatpur 44200, Nepal",27.6022773,84.4005101,4.1,266,ChIJTyXf3GDwlDkRbngaTDa9mFU,Not available
Bharatpur,Soaltee Westend Resort Chitwan,"Bharatpur 22, Bharatpur 44200, Nepal",27.5657669,84.3482774,4.3,163,ChIJ_2FlGSz4lDkRXRXJHSZBErs,056-411122
Bharatpur,Hotel Rhino Land,"HFHX+3P5, Ratnanagar 44200, Nepal",27.5776298,84.4993502,4.8,258,ChIJUT-U5uDulDkR1DYU3mYI7hk,984-5065547
Bharatpur,Chitwan Tiger Camp,"Ratnanagar 2, Nepal",27.5746406,84.4939243,4.2,636,ChIJeaHi0N3ulDkRzMnk5rPB9lk,056-580060
Bharatpur,Hotel Park Inn,"HFRW+3XW, Shisuwar Road, Ratnanagar 44200, Nepal",27.5903139,84.4979392,3.6,126,ChIJJYSnYhnvlDkRN5MK9qffvUU,985-5066864
Bharatpur,Hotel National Park Sauraha,"National park, Sauraha Road 44200, Ratnanagar 00977, Nepal",27.5784359,84.4999188,4.7,493,ChIJreCWw-DulDkRiZkClvjOOdw,984-5155749
Bharatpur,Chitwan Gaida Lodge,"Bachhauli-2, 44204, Nepal",27.5745044,84.4992428,4.1,306,ChIJGeRvPufulDkRip4bX0ar6v4,984-5239509
Bharatpur,Chautari Garden Resort,"Baadreni Road, Ratnanagar 44204, Nepal",27.5825709,84.4898645,4.1,100,ChIJxcgSrgLvlDkRx0Jtb_7wV5k,056-580198
Bharatpur,Hotel the Narayani,"Lali Guransh Chowk Bus Stop, Mahendra Hwy, Gaindakot 33000, Nepal",27.7052104,84.4077496,4.1,126,ChIJ8Y5qHxD7lDkR7Z-4M8U6u_M,078-501847
Bharatpur,Chitwan Village Resort,"HFHV+V23, Sauraha Road, Narayani 00977, Nepal",27.5796318,84.4925537,4.4,235,ChIJBaaK7uLulDkRmNJS88F57as,985-5062152
Bharatpur,chitwan park village,"Sauraha Road 6, Ratnanagar 44200, Nepal",27.5772341,84.4987595,4.3,120,ChIJOeH__yDvlDkRnrWsbX1jIpU,985-5043812
Bharatpur,Hotel Hermitage,"HFJR+4PP, Ratnanagar 44200, Nepal",27.5803384,84.4918304,3.9,248,ChIJTzycvuLulDkRdFn7DLNki1w,01-4424390
Bharatpur,Hotel Nepal Inn,"Sauraha Road, Ratnanagar 44200, Nepal",27.5777234,84.4998245,4.9,11,ChIJmeTk1VvvlDkR9mjqmy15tFQ,985-5017245
Bharatpur,Sauraha Boutique Resort,"Ratnanagar 44200, Nepal",27.5792799,84.4984552,5,4,ChIJOeH__yDvlDkRUdm576H1DV0,985-5054954
Bharatpur,Hotel Red Karpet,"Bharatpur 44207, Nepal",27.691438,84.4258603,3.6,708,ChIJnRZbvTn7lDkRpo7G-SFdzEE,056-590415
Bharatpur,Kasara Chitwan,"Bharatpur 44200, Nepal",27.5631049,84.3424404,4.5,505,ChIJ8WA2SMX2lDkRDGOQMVndgYQ,980-1249337
Bharatpur,Bharatpur,"Rhino Taal Rd 11, Bharatpur 44207, Nepal",27.6667896,84.4565454,0,0,ChIJheCQzCPllDkRUcyDzeA1B38,913-5155346
Bharatpur,Hotel Moon Star,"Boston, College Road, Bharatpur 44200, Nepal",27.6669962,84.4354969,4,84,ChIJE096H8n7lDkRqm8j1iH3Hxk,056-590442
Bharatpur,Riverbank Jungle Resort ,"H982+HQ, Bharatpur 44200, Nepal",27.5664642,84.3520486,4.5,24,ChIJNYa_MQP3lDkRcJpl1eZyvv8,056-411121
Bharatpur,Baghmara Wildlife Resort,"HFVM+2GF, Ratnanagar 44200, Nepal",27.5925555,84.4837856,3.9,93,ChIJf2g-IQbvlDkRXA2F48TzA3Q,056-580041
Bharatpur,Safari Narayani Hotel,"Bharatpur 44200, Nepal",27.5694768,84.3653763,4.5,93,ChIJJwJd6CXxlDkRWLuHgCIlS7Y,985-1103118
Bharatpur,Hotel Shubham & Hospitality,"CMS Road, Southern Side from CMC Hospital Bharatpur Metropolitan city 10, 44200, Nepal",27.6832547,84.4308032,3.9,69,ChIJvWMZGwX7lDkRiA1trLwvrV8,985-5088281
Bharatpur,Hotel Tirupati ,"Bharatpur 44207, Nepal",27.697868,84.4206477,3.4,257,ChIJ-7c45UD7lDkRHKm8uGxR1Q4,056-590790
Bharatpur,Center Park Resort,"Ratnanagar 44200, Nepal",27.5909389,84.506919,4,373,ChIJYWI6CSTvlDkRNEOdPspCNRo,056-580305
Bharatpur,Hotel Everest Inn Chitwan,"CMS ROAD, Bharatpur Opposite of CMS Hospital, Bharatpur 44200, Nepal",27.6845537,84.4351304,2.9,30,ChIJWXvoxKP7lDkRl5ixxl0F4f0,985-5067464
Bharatpur,Hotel Image Palace,"Bharatpur 44200, Nepal",27.7031476,84.4314099,3.8,95,ChIJV-vAwE77lDkRA3dtgUYPuKo,056-530731
Bharatpur,Hotel Garden of Dreams,"Ratnanagar 44200, Nepal",27.5771393,84.5041639,4.7,26,ChIJ9RxXid7ulDkR7TmBDzWakrU,984-5049155
Bharatpur,Into The Wild Eco Resort - bharatpur 22 Patihani,"Bharatpur 44200, Nepal",27.5696882,84.3604635,4.7,60,ChIJ6x2PVyHxlDkRbALhwzMY2ts,984-1230163
Bharatpur,Diyalo Foodland Restaurant & Banquet Chitwan Pvt Ltd,"Bikram Marga, Bharatpur 44207, Nepal",27.6930512,84.4332852,4.1,251,ChIJ6wC0d7_7lDkRbbLnKiYBOQg,056-511593
